date,Buy,Sell,daily_pnl,cumulative_pnl,balance,daily_return
2023-01-03,129242.21739428998,0.0,-129242.21739428998,-129242.21739428998,870757.78260571,0.0
2023-01-06,342760.14102329995,0.0,-342760.14102329995,-472002.3584175899,527997.6415824101,-0.3936343124004049
2023-01-09,209419.95383809498,0.0,-209419.95383809498,-681422.3122556849,318577.68774431513,-0.3966304720802595
2023-01-11,49728.315541904994,0.0,-49728.315541904994,-731150.6277975899,268849.37220241013,-0.15609478458458792
2023-01-20,35586.05687637,66485.65035744,30899.59348107,-700251.0343165199,299748.96568348014,0.11493273437070362
2023-01-23,79618.66881968999,76024.26567395999,-3594.4031457300007,-703845.4374622499,296154.5625377501,-0.011991377977015438
2023-01-27,7846.776447509999,9952.210337489998,2105.4338899799986,-701740.0035722699,298259.9964277301,0.007109240093883695
2023-01-30,93984.52248685498,125481.60391387499,31497.081427020006,-670242.9221452499,329757.0778547501,0.10560276873956154
2023-01-31,35202.131659695,5370.371977275,-29831.759682419997,-700074.6818276698,299925.31817233015,-0.09046586619608543
2023-02-02,53426.2459731,84363.394392765,30937.148419664998,-669137.5334080048,330862.4665919952,0.10314950604433237
2023-02-03,37305.65326488,2060.34204555,-35245.31121933,-704382.8446273347,295617.15537266526,-0.10652556508560662
2023-02-06,0.0,6618.318381675001,6618.318381675001,-697764.5262456597,302235.4737543403,0.02238814040860304
2023-02-07,10931.73849768,8035.298263395,-2896.4402342850008,-700660.9664799446,299339.03352005535,-0.009583389396041642
2023-02-08,36163.70233476,165701.97466749,129538.27233273,-571122.6941472146,428877.30585278536,0.4327476801452661
2023-02-09,56246.821906275,857.9755656000001,-55388.846340675,-626511.5404878897,373488.45951211033,-0.12914846643736277
2023-02-10,43862.817548549996,13393.568669355,-30469.248879194995,-656980.7893670846,343019.2106329154,-0.08158016159052695
2023-02-13,50880.22138699499,3865.389146595,-47014.83224039999,-703995.6216074846,296004.37839251535,-0.13706180523723877
2023-02-14,0.0,1879.566626925,1879.566626925,-702116.0549805596,297883.9450194404,0.006349793327829145
2023-02-15,14182.498955624997,15401.170767645,1218.671812020004,-700897.3831685396,299102.6168314604,0.004091095986863191
2023-02-16,59933.89607204999,82253.16646303501,22319.270390985024,-678578.1127775545,321421.88722244545,0.07462077940816414
2023-02-17,28025.02855152,5161.1941295100005,-22863.83442201,-701441.9471995645,298558.05280043546,-0.07113340855405625
2023-02-21,0.0,1023.4522732500001,1023.4522732500001,-700418.4949263146,299581.50507368543,0.0034279841513238374
2023-02-22,16248.58447212,12566.10508623,-3682.4793858899993,-704100.9743122045,295899.0256877955,-0.012292078527959216
2023-02-23,3713.0330587349995,7449.04557792,3736.0125191850007,-700364.9617930196,299635.03820698045,0.012625971006497538
2023-02-24,7680.287004389998,3233.7464215950004,-4446.540582794998,-704811.5023758146,295188.4976241854,-0.014839855209868635
2023-02-27,0.0,3031.9557142950002,3031.9557142950002,-701779.5466615196,298220.45333848044,0.01027125290686337
2023-02-28,7625.745287159999,9274.1035131,1648.3582259400018,-700131.1884355795,299868.81156442047,0.005527314466486688
2023-03-01,10455.82546008,5995.7867314800005,-4460.038728599999,-704591.2271641796,295408.77283582045,-0.01487329977843288
2023-03-02,0.0,2871.82654875,2871.82654875,-701719.4006154295,298280.5993845705,0.009721534405297216
2023-03-03,29168.60191245,30592.464142770004,1423.8622303200027,-700295.5383851095,299704.4616148905,0.0047735663440995335
2023-03-06,0.0,6886.642838625,6886.642838625,-693408.8955464845,306591.1044535155,0.022978112509629778
2023-03-08,0.0,1501.1136237599999,1501.1136237599999,-691907.7819227246,308092.21807727544,0.004896142131832537
2023-03-09,0.0,13768.77960783,13768.77960783,-678139.0023148946,321860.9976851054,0.0446904491575848
2023-03-10,33118.860394619995,10730.53328544,-22388.327109179994,-700527.3294240746,299472.6705759254,-0.06955899369666341
2023-03-13,0.0,1026.994752225,1026.994752225,-699500.3346718496,300499.6653281504,0.0034293438204227034
2023-03-14,14597.801182964999,16373.46123891,1775.6600559450017,-697724.6746159046,302275.3253840954,0.005909025069981366
2023-03-15,20013.024551519997,15267.50437284,-4745.520178679997,-702470.1947945845,297529.80520541547,-0.01569933031301818
2023-03-16,14860.955454344998,16766.949052215,1905.9935978700032,-700564.2011967145,299435.79880328546,0.0064060593746366745
2023-03-17,31677.520905029996,52602.728281335,20925.207376305007,-679638.9938204095,320361.0061795905,0.06988211650021126
2023-03-21,30179.04581191499,11581.7795271,-18597.266284814992,-698236.2601052246,301763.73989477544,-0.058050967271558784
2023-03-22,19356.480883739994,5618.18324295,-13738.297640789995,-711974.5577460146,288025.44225398544,-0.045526668133091586
2023-03-23,0.0,5864.83383546,5864.83383546,-706109.7239105545,293890.27608944545,0.02036220755209639
2023-03-24,58417.91475019499,102268.98026838002,43851.06551818503,-662258.6583923695,337741.3416076305,0.14920897044187664
2023-03-27,81822.16020478499,45861.301066725,-35960.85913805999,-698219.5175304295,301780.4824695705,-0.10647455525251448
2023-03-28,50285.60049512999,66836.21157531001,16550.611080180017,-681668.9064502495,318331.0935497505,0.05484321234011169
2023-03-29,39026.21109387,26640.599608124998,-12385.611485745001,-694054.5179359945,305945.48206400545,-0.03890795381510337
2023-03-31,17955.06120408,3147.8516723249995,-14807.209531755001,-708861.7274677495,291138.2725322505,-0.0483981964102258
2023-04-03,0.0,4693.4254863900005,4693.4254863900005,-704168.3019813595,295831.6980186405,0.016120949834481424
2023-04-05,13370.933025449998,46255.347615735,32884.414590285,-671283.8873910744,328716.11260892556,0.1111591989990639
2023-04-06,24482.741313029997,5872.764307050001,-18609.977005979996,-689893.8643970544,310106.1356029456,-0.056614130832461806
2023-04-10,0.0,33155.427269114996,33155.427269114996,-656738.4371279394,343261.5628720606,0.10691638591622898
2023-04-12,0.0,26159.552082180002,26159.552082180002,-630578.8850457594,369421.1149542406,0.07620880084360082
2023-04-13,0.0,11875.136061915,11875.136061915,-618703.7489838444,381296.2510161556,0.032145255323009714
2023-04-17,0.0,3569.7646120500003,3569.7646120500003,-615133.9843717944,384866.0156282056,0.009362181250239354
2023-04-18,50074.564309769994,65685.6970515,15611.132741730005,-599522.8516300644,400477.1483699356,0.04056251294687163
2023-04-19,0.0,5132.9491128,5132.9491128,-594389.9025172645,405610.0974827355,0.012817083655565886
2023-04-20,53310.84307048499,0.0,-53310.84307048499,-647700.7455877494,352299.2544122506,-0.13143371775342472
2023-04-24,0.0,2807.9445446999994,2807.9445446999994,-644892.8010430494,355107.19895695057,0.007970339163460682
2023-04-25,0.0,12435.602304645001,12435.602304645001,-632457.1987384044,367542.80126159557,0.035019290910383916
2023-04-26,58434.88016866499,4092.9853675500003,-54341.89480111499,-686799.0935395195,313200.90646048053,-0.14785188177971587
2023-04-27,10753.41131865,22557.3745455,11803.963226849999,-674995.1303126694,325004.86968733056,0.03768815154543437
2023-04-28,0.0,7643.472076800001,7643.472076800001,-667351.6582358695,332648.3417641305,0.02351802323501584
2023-05-02,96284.77885025999,0.0,-96284.77885025999,-763636.4370861294,236363.56291387056,-0.28944914722747117
2023-05-03,0.0,62654.711486085005,62654.711486085005,-700981.7256000445,299018.2743999555,0.26507770789068696
2023-05-04,31212.974898104996,26580.221541629995,-4632.753356475001,-705614.4789565195,294385.5210434805,-0.01549321146264937
2023-05-05,0.0,18438.365322855,18438.365322855,-687176.1136336646,312823.88636633544,0.0626333973814277
2023-05-08,35163.363575339994,9939.373322355,-25223.990252984993,-712400.1038866496,287599.8961133504,-0.08063319763071497
2023-05-09,13497.94331886,35665.86363479999,22167.92031593999,-690232.1835707095,309767.81642929045,0.07707902755014606
2023-05-10,47559.305819024994,65443.76597475,17884.460155725006,-672347.7234149845,327652.27658501547,0.05773504930847917
2023-05-11,55105.36171139999,21520.278884295003,-33585.08282710499,-705932.8062420895,294067.1937579105,-0.10250221111584645
2023-05-12,12375.952293705,30394.035864674996,18018.083570969997,-687914.7226711195,312085.2773288805,0.0612719948142304
2023-05-15,57367.09035056998,35749.72759689,-21617.362753679983,-709532.0854247995,290467.9145752005,-0.06926748656233228
2023-05-16,0.0,9093.9989979,9093.9989979,-700438.0864268994,299561.9135731006,0.03130810165797393
2023-05-17,0.0,8352.42956964,8352.42956964,-692085.6568572595,307914.34314274054,0.027882147867244633
2023-05-18,27415.89591741,0.0,-27415.89591741,-719501.5527746695,280498.4472253305,-0.08903741098121165
2023-05-19,31794.385998375,52133.596043175,20339.2100448,-699162.3427298695,300837.65727013047,0.07251095414607067
2023-05-22,12773.437827149997,0.0,-12773.437827149997,-711935.7805570195,288064.2194429805,-0.042459570863099594
2023-05-24,38984.518628055,38587.17614805,-397.3424800049979,-712333.1230370245,287666.8769629755,-0.001379353814831008
2023-05-25,11986.699094369998,32743.402051769997,20756.702957399997,-691576.4200796245,308423.5799203755,0.07215534571285209
2023-05-26,16344.488159999999,5648.068278,-10696.419881999998,-702272.8399616245,297727.1600383755,-0.03468094068800254
2023-05-29,0.0,2204.3548386,2204.3548386,-700068.4851230244,299931.51487697556,0.007403942718279044
2023-05-30,44606.101174635,43016.913391635,-1589.1877830000012,-701657.6729060244,298342.3270939756,-0.00529850217191008
2023-05-31,21773.8226706,6699.817845629999,-15074.00482497,-716731.6777309944,283268.3222690056,-0.05052586728741926
2023-06-02,0.0,4668.1934337,4668.1934337,-712063.4842972944,287936.5157027056,0.016479758118759458
2023-06-05,30615.529774829996,28406.676053835,-2208.8537209949973,-714272.3380182894,285727.6619817106,-0.007671321977361312
2023-06-06,0.0,45851.109078915004,45851.109078915004,-668421.2289393744,331578.77106062556,0.16047136899839232
2023-06-07,53682.199455885,38900.931129000004,-14781.268326884994,-683202.4972662594,316797.5027337406,-0.04457845199077104
2023-06-08,12654.870182954997,89169.697938105,76514.82775515,-606687.6695111094,393312.33048889064,0.24152598140730475
2023-06-09,57382.293128159996,46875.549373155,-10506.743755004994,-617194.4132661143,382805.5867338857,-0.026713486815795884
2023-06-12,55264.710455955006,13487.476862160001,-41777.233593795005,-658971.6468599093,341028.3531400907,-0.10913433617894708
2023-06-13,0.0,20061.167626125,20061.167626125,-638910.4792337843,361089.52076621575,0.0588255124285344
2023-06-14,33038.499994499995,0.0,-33038.499994499995,-671948.9792282842,328051.0207717158,-0.09149670121800746
2023-06-15,18215.21097396,27936.6199155,9721.408941540001,-662227.5702867442,337772.42971325584,0.029633832318738618
2023-06-16,42662.36897422499,2410.93709955,-40251.43187467499,-702479.0021614191,297520.99783858086,-0.11916731009942261
2023-06-21,18911.053521359998,43668.14861952,24757.09509816,-677721.9070632592,322278.09293674084,0.08321125324939871
2023-06-22,41733.22688535,4787.907290009999,-36945.31959534,-714667.2266585992,285332.7733414008,-0.11463801109991045
2023-06-23,30769.099861499995,19351.162312155004,-11417.937549344992,-726085.1642079442,273914.8357920558,-0.04001621480643369
2023-06-27,15462.466669649995,56399.12062380001,40936.65395415001,-685148.5102537941,314851.48974620586,0.14945029843227386
2023-06-30,23303.965209525,80712.7453611,57408.780151574996,-627739.7301022192,372260.26989778085,0.1823360600829642
2023-07-03,54275.06772187499,0.0,-54275.06772187499,-682014.7978240942,317985.2021759058,-0.14579871157558244
2023-07-04,0.0,3280.8540617999997,3280.8540617999997,-678733.9437622941,321266.05623770587,0.010317631258781379
2023-07-05,59294.92873804499,50575.2018723,-8719.72686574499,-687453.6706280392,312546.32937196083,-0.027141762089217703
2023-07-06,22372.719969599995,79425.142767585,57052.422797985004,-630401.2478300541,369598.75216994586,0.182540690567788
2023-07-07,25567.706864699998,141616.348258635,116048.641393935,-514352.6064361191,485647.3935638809,0.31398547942222077
2023-07-10,16368.924772199996,69925.12646841,53556.20169621,-460796.4047399091,539203.5952600909,0.11027795558253195
2023-07-11,153787.83290871,12625.487968905001,-141162.34493980499,-601958.7496797141,398041.2503202859,-0.2617978555423277
2023-07-12,54228.517978635,26603.022997350003,-27625.494981284995,-629584.244660999,370415.75533900096,-0.06940359814229291
2023-07-13,97181.62254801,5686.346711250001,-91495.27583675999,-721079.520497759,278920.479502241,-0.24700697666875515
2023-07-14,0.0,7828.238425500001,7828.238425500001,-713251.282072259,286748.717927741,0.02806620166246021
2023-07-17,14502.90901059,23925.85137882,9422.94236823,-703828.339704029,296171.66029597097,0.03286132344837367
2023-07-18,26467.07434371,69202.1346939,42735.060350190004,-661093.279353839,338906.720646161,0.14429152440677107
2023-07-19,49151.771734065,17591.19045075,-31560.581283314998,-692653.860637154,307346.13936284604,-0.09312468405212337
2023-07-20,31496.34946458,55878.95772238501,24382.608257805008,-668271.252379349,331728.74762065103,0.07933272989324736
2023-07-21,0.0,108034.466116275,108034.466116275,-560236.786263074,439763.213736926,0.32567109993077215
2023-07-24,135360.84463901998,0.0,-135360.84463901998,-695597.6309020941,304402.36909790593,-0.30780392813846236
2023-07-25,25660.66614111,0.0,-25660.66614111,-721258.2970432041,278741.7029567959,-0.08429850995297838
2023-07-28,19737.7721541,32537.170060200002,12799.397906100003,-708458.899137104,291541.10086289595,0.04591848930507503
2023-08-02,0.0,125797.142159775,125797.142159775,-582661.756977329,417338.24302267097,0.4314902488446528
2023-08-03,137260.701102525,16566.85804851,-120693.843054015,-703355.600031344,296644.399968656,-0.28919909706779146
2023-08-04,28708.43246271,23692.23686718,-5016.19559553,-708371.795626874,291628.20437312603,-0.016909793665614403
2023-08-07,22160.902613849998,54779.472747945,32618.570134095004,-675753.2254927789,324246.77450722107,0.11184984732258929
2023-08-08,66924.16926195,46762.53304760999,-20161.636214340004,-695914.8617071189,304085.1382928811,-0.062179912953585825
2023-08-09,29049.523502999997,15115.87594305,-13933.647559949997,-709848.5092670689,290151.49073293107,-0.045821534186684776
2023-08-10,29206.358481299998,37543.84561296,8337.487131660004,-701511.022135409,298488.97786459106,0.028734945013031865
2023-08-16,15421.284969089998,15228.0704862,-193.21448288999818,-701704.2366182989,298295.7633817011,-0.000647308601718688
2023-08-17,21854.743910999998,15195.360174255,-6659.383736744998,-708363.6203550439,291636.3796449561,-0.022324768080006607
2023-08-18,10214.7041997,54914.831998199996,44700.1277985,-663663.4925565439,336336.5074434561,0.15327349712994942
2023-08-21,70094.79966488999,19577.9942082,-50516.80545668998,-714180.2980132339,285819.7019867661,-0.15019721124143137
2023-08-22,17944.084758599998,55855.05952950001,37910.97477090001,-676269.323242334,323730.67675766605,0.13263947344209082
2023-08-23,16244.638560149999,52948.504838655,36703.866278505,-639565.456963829,360434.543036171,0.11337778256331332
2023-08-24,26940.764050199992,0.0,-26940.764050199992,-666506.221014029,333493.778985971,-0.07474523341536776
2023-08-25,48536.07927167999,43736.48108865,-4799.598183029993,-671305.819197059,328694.180802941,-0.01439186721150787
2023-08-28,46129.81408034999,0.0,-46129.81408034999,-717435.633277409,282564.366722591,-0.14034265519293077
2023-08-29,0.0,13072.74860556,13072.74860556,-704362.884671849,295637.11532815103,0.04626467504444487
2023-08-30,33235.39499279999,77024.72577739501,43789.33078459502,-660573.553887254,339426.446112746,0.14811851595828807
2023-08-31,25342.369252199995,37128.33377073001,11785.964518530014,-648787.5893687239,351212.4106312761,0.034723176857631044
2023-09-01,69604.60523016,15293.15249904,-54311.45273112,-703099.042099844,296900.95790015603,-0.15463990191434174
2023-09-04,11052.37924791,25207.946220600003,14155.566972690003,-688943.4751271539,311056.5248728461,0.047677740997556395
2023-09-05,0.0,87340.4888832,87340.4888832,-601602.9862439539,398397.0137560461,0.280786551315402
2023-09-06,0.0,68293.33109721,68293.33109721,-533309.6551467439,466690.34485325613,0.1714202886546452
2023-09-07,30848.068175925,56835.74890345501,25987.68072753001,-507321.97441921383,492678.02558078617,0.05568506187052469
2023-09-08,34218.367733549996,83992.191097635,49773.82336408501,-457548.15105512884,542451.8489448712,0.10102708215047729
2023-09-11,28883.144224934993,92649.54627643501,63766.402051500016,-393781.74900362885,606218.2509963711,0.1175521885961539
2023-09-12,39020.953216245,65105.42245694999,26084.469240704995,-367697.27976292383,632302.7202370762,0.043028182008431726
2023-09-13,208926.30422663997,34188.38922815999,-174737.91499847997,-542435.1947614038,457564.80523859616,-0.2763516736618872
2023-09-14,118706.71255442999,19227.94246035,-99478.77009407998,-641913.9648554838,358086.03514451615,-0.21740913845462184
2023-09-15,59809.289379840004,0.0,-59809.289379840004,-701723.2542353239,298276.74576467613,-0.16702491443348866
2023-09-18,20626.203247650003,39197.139509115004,18570.936261465,-683152.3179738589,316847.6820261411,0.06226075792082164
2023-09-20,0.0,21241.058564115003,21241.058564115003,-661911.259409744,338088.74059025606,0.06703870588001504
2023-09-22,57035.493535019996,36294.5116575,-20740.981877519996,-682652.2412872639,317347.7587127361,-0.061347745095885475
2023-09-25,20992.95273075,8507.9528307,-12484.99990005,-695137.2411873139,304862.7588126861,-0.03934169868000059
2023-09-26,42552.654594449996,45458.141409945,2905.486815495002,-692231.754371819,307768.24562818103,0.009530474718560722
2023-09-27,63888.62124645,55492.751265435,-8395.869981015,-700627.624352834,299372.37564716605,-0.027279844819202537
2023-09-28,0.0,10852.83855774,10852.83855774,-689774.785795094,310225.214204906,0.03625197059107044
2023-09-29,18678.7855254,0.0,-18678.7855254,-708453.5713204939,291546.42867950606,-0.060210404151941344
2023-10-05,14300.495744535,25330.041418185006,11029.545673650007,-697424.025646844,302575.97435315605,0.03783118086407655
2023-10-06,47598.36433852499,56915.657609760005,9317.293271235016,-688106.732375609,311893.267624391,0.03079323562008973
2023-10-09,35821.93027413,55004.084131725,19182.153857595004,-668924.5785180139,331075.42148198606,0.06150230174476179
2023-10-10,45498.638420234995,20680.161337799997,-24818.477082434998,-693743.055600449,306256.944399551,-0.07496321222318647
2023-10-11,0.0,30490.25328594,30490.25328594,-663252.8023145089,336747.19768549106,0.09955775319877036
2023-10-12,28417.41644742,77333.95721142,48916.540764,-614336.2615505089,385663.7384494911,0.14526190893409074
2023-10-13,20554.796261999996,58650.649026615,38095.852764615,-576240.4087858939,423759.59121410607,0.09877997064949429
2023-10-16,66031.01108603999,68294.94439729501,2263.933311255023,-573976.4754746389,426023.52452536114,0.005342494561052291
2023-10-17,24852.675567719998,50749.44807168,25896.772503960005,-548079.7029706789,451920.2970293211,0.06078718900044766
2023-10-18,25534.437018089993,25494.22450575,-40.21251233999283,-548119.915483019,451880.08451698103,-8.898142571689416e-05
2023-10-19,111924.43098836999,46315.957145535,-65608.473842835,-613728.3893258539,386271.6106741461,-0.14519000967472262
2023-10-20,99703.22053692,44821.22232159,-54881.99821532999,-668610.3875411839,331389.61245881615,-0.1420813663203111
2023-10-23,71452.33359263999,39662.54430345,-31789.78928918999,-700400.1768303738,299599.8231696262,-0.09592874397395512
2023-10-25,64091.75559286499,86163.69950055,22071.943907685018,-678328.2329226888,321671.7670773112,0.07367141834121971
2023-10-26,49088.797382624994,25872.398568135002,-23216.398814489992,-701544.6317371788,298455.3682628212,-0.07217418869375025
2023-10-27,56609.064637125,149320.59067926,92711.526042135,-608833.1056950438,391166.8943049562,0.31063782361084136
2023-10-30,0.0,14960.096783145002,14960.096783145002,-593873.0089118988,406126.9910881012,0.03824479269833603
2023-10-31,40278.7477092,23475.46706397,-16803.280645229996,-610676.2895571288,389323.7104428712,-0.041374449406109126
2023-11-01,68982.55323959998,939.9241949399999,-68042.62904465997,-678718.9186017888,321281.0813982112,-0.17477134636176872
2023-11-02,0.0,24068.737554615,24068.737554615,-654650.1810471738,345349.8189528262,0.0749148921245788
2023-11-03,34288.572918599995,17471.09839302,-16817.474525579997,-671467.6555727537,328532.34442724625,-0.0486969258491986
2023-11-06,0.0,24625.585489275,24625.585489275,-646842.0700834787,353157.9299165213,0.0749563502863213
2023-11-07,0.0,51651.52330346999,51651.52330346999,-595190.5467800087,404809.4532199913,0.1462561616998923
2023-11-08,0.0,14356.693190745,14356.693190745,-580833.8535892637,419166.14641073626,0.03546531109030915
2023-11-09,24134.469514155,29954.42757801,5819.958063855,-575013.8955254088,424986.1044745912,0.013884609035559103
2023-11-10,33345.760347899995,93541.904385075,60196.14403717501,-514817.7514882338,485182.2485117662,0.1416426170253149
2023-11-13,44746.44143969999,45306.566077004994,560.1246373050017,-514257.6268509288,485742.3731490712,0.0011544623469286197
2023-11-15,35075.22151633499,40071.328884675,4996.10736834001,-509261.5194825888,490738.4805174112,0.010285508624562123
2023-11-16,14673.985326,86665.95581148,71991.97048548001,-437269.5489971088,562730.4510028912,0.14670129477023086
2023-11-17,0.0,18441.210604725,18441.210604725,-418828.3383923838,581171.6616076161,0.03277094845651107
2023-11-20,0.0,41650.78500252,41650.78500252,-377177.5533898638,622822.4466101362,0.07166692348231019
2023-11-21,0.0,23802.511517145,23802.511517145,-353375.04187271884,646624.9581272812,0.03821717031345928
2023-11-22,0.0,33197.67359050499,33197.67359050499,-320177.36828221387,679822.6317177862,0.051339919953987234
2023-11-23,71265.01293911999,963.92642868,-70301.08651043999,-390478.45479265385,609521.5452073461,-0.10341092401234453
2023-11-24,0.0,17812.98273645,17812.98273645,-372665.4720562039,627334.5279437961,0.029224533368037875
2023-11-28,50819.58053172,1502.1443270249997,-49317.436204695,-421982.9082608989,578017.0917391011,-0.07861425444944337
2023-11-29,16613.891794499996,52882.832087145,36268.940292645,-385713.9679682539,614286.0320317461,0.06274717618387604
2023-11-30,69923.27267425499,29798.7212502,-40124.55142405498,-425838.5193923089,574161.4806076911,-0.0653190034149782
2023-12-01,65014.73845366499,103601.31585912,38586.57740545501,-387251.9419868539,612748.058013146,0.06720509596814983
2023-12-04,46754.379837165,30339.13164885,-16415.248188314996,-403667.1901751689,596332.8098248311,-0.02678955563162766
2023-12-05,0.0,32723.092386765,32723.092386765,-370944.0977884039,629055.902211596,0.054873875540031314
2023-12-06,0.0,28605.567962834997,28605.567962834997,-342338.5298255689,657661.4701744311,0.045473809024389356
2023-12-07,73417.89850395,27154.172750895,-46263.725753055,-388602.2555786239,611397.7444213761,-0.07034580532866619
2023-12-08,40793.81941635,38132.94292596,-2660.876490390001,-391263.1320690139,608736.8679309861,-0.0043521202272479576
2023-12-11,65378.75384039999,86430.47568732,21051.72184692,-370211.4102220939,629788.5897779061,0.03458262996041617
2023-12-12,0.0,28450.422493605,28450.422493605,-341760.9877284889,658239.0122715111,0.04517456009109044
2023-12-13,155897.3735319,23326.70770224,-132570.66582966,-474331.6535581489,525668.3464418511,-0.2014020186560701
2023-12-14,74254.962636855,17599.995661725,-56654.966975129995,-530986.6205332789,469013.3794667211,-0.10777701826373354
2023-12-15,74018.27802368999,3527.5741347599997,-70490.70388892999,-601477.3244222089,398522.67557779106,-0.15029572070860664
2023-12-18,40855.89241734,52442.897661945004,11587.005244605003,-589890.3191776039,410109.68082239607,0.029074895745407225
2023-12-19,0.0,61679.758814685,61679.758814685,-528210.5603629189,471789.4396370811,0.1503982024784154
2023-12-20,67944.53803137,63417.692281544994,-4526.845749825006,-532737.4061127439,467262.5938872561,-0.009595055271494068
2023-12-21,171450.00529156497,14501.921736825,-156948.08355473998,-689685.4896674838,310314.51033251616,-0.33588839681998883
2023-12-22,54442.06793024999,0.0,-54442.06793024999,-744127.5575977338,255872.4424022662,-0.17544157980853936
2023-12-27,0.0,24235.08722343,24235.08722343,-719892.4703743038,280107.52962569625,0.09471550353722424
2023-12-28,14131.172055,34831.785907440004,20700.613852440005,-699191.8565218637,300808.1434781363,0.07390238270317817
2023-12-29,36993.58570907999,1898.9016875099999,-35094.68402156999,-734286.5405434337,265713.45945656626,-0.11666799846501108
2024-01-02,0.0,10651.954817565,10651.954817565,-723634.5857258687,276365.4142741313,0.040088126658507583
2024-01-03,0.0,38359.001176425,38359.001176425,-685275.5845494437,314724.4154505563,0.13879812449460882
2024-01-04,0.0,81825.980396715,81825.980396715,-603449.6041527287,396550.3958472713,0.25999247716315166
2024-01-05,0.0,37337.16179367,37337.16179367,-566112.4423590587,433887.55764094135,0.09415489729595472
2024-01-08,17847.1395102,64416.517546455,46569.378036255,-519543.06432280364,480456.93567719636,0.10733052196623016
2024-01-09,80204.39638711499,17238.292591859998,-62966.103795254996,-582509.1681180586,417490.8318819414,-0.1310546255441296
2024-01-10,96005.490405825,69809.71251789,-26195.777887934993,-608704.9460059935,391295.0539940065,-0.06274575604415333
2024-01-11,49780.673988045004,33096.97093896,-16683.703049085,-625388.6490550785,374611.3509449215,-0.042637142685019835
2024-01-12,0.0,84474.25907211,84474.25907211,-540914.3899829686,459085.61001703143,0.2254983968292248
2024-01-15,25709.369110424996,27292.154401125,1582.7852907000051,-539331.6046922685,460668.39530773147,0.00344769092335806
2024-01-16,57239.709501975,29945.951262810002,-27293.758239164996,-566625.3629314335,433374.6370685665,-0.059248167482669256
2024-01-17,62507.09136671999,9342.6795684,-53164.41179831999,-619789.7747297535,380210.2252702465,-0.12267541118219294
2024-01-18,94682.43814028999,9229.485181094999,-85452.95295919498,-705242.7276889485,294757.2723110515,-0.22475185378945717
2024-01-19,33849.364874324994,35345.755238625,1496.3903643000085,-703746.3373246485,296253.6626753515,0.0050766868364857665
2024-01-24,69038.31678744,199851.708934305,130813.39214686501,-572932.9451777835,427067.0548222165,0.44155873370658183
2024-01-25,142709.87533803,8905.992642449999,-133803.88269558,-706736.8278733635,293263.1721266365,-0.3133088380026906
2024-01-29,24728.629715789997,28134.999032804997,3406.369317015,-703330.4585563485,296669.54144365154,0.011615400912134088
2024-01-30,12814.319077559998,59859.929570579996,47045.610493019994,-656284.8480633284,343715.1519366716,0.1585791728536976
2024-01-31,52625.62644338999,71634.96745587,19009.341012480014,-637275.5070508484,362724.49294915155,0.055305507788560915
2024-02-01,71828.70749554501,907.0581339000001,-70921.649361645,-708197.1564124934,291802.84358750656,-0.1955248425189393
2024-02-02,55581.11450891999,73250.84289294,17669.728384020003,-690527.4280284734,309472.5719715266,0.060553653853346434
2024-02-05,28087.60230276,51855.110407575005,23767.508104815006,-666759.9199236584,333240.08007634163,0.07680004710401866
2024-02-06,74685.01696656,76227.65263341,1542.6356668500084,-665217.2842568083,334782.71574319166,0.004629202065059568
2024-02-07,29186.178246224998,87962.87133274501,58776.69308652001,-606440.5911702884,393559.4088297116,0.17556668944524279
2024-02-08,46830.924520379995,73259.06608152,26428.14156114,-580012.4496091484,419987.55039085157,0.0671515938082301
2024-02-09,54569.99960411999,69522.182101125,14952.182497005007,-565060.2671121435,434939.73288785655,0.03560148981342448
2024-02-12,139032.896297295,8165.69216397,-130867.204133325,-695927.4712454685,304072.5287545315,-0.30088583368645094
2024-02-13,51811.045996709996,47991.35569491,-3819.690301799994,-699747.1615472685,300252.8384527315,-0.01256177372367484
2024-02-14,9230.910228539997,8809.790366025,-421.1198625149973,-700168.2814097835,299831.7185902165,-0.0014025508124591024
2024-02-15,30601.198302675,5429.510025029999,-25171.688277645,-725339.9696874286,274660.03031257144,-0.083952719865664
2024-02-16,13834.5276069,64884.679371000006,51050.15176410001,-674289.8179233286,325710.1820766714,0.18586669383966536
2024-02-19,0.0,29709.218792249998,29709.218792249998,-644580.5991310786,355419.4008689214,0.09121366302652634
2024-02-20,0.0,25528.39014591,25528.39014591,-619052.2089851686,380947.7910148314,0.07182610201778172
2024-02-21,22794.251530049998,23636.972561805,842.7210317550016,-618209.4879534136,381790.5120465864,0.0022121693618697424
2024-02-22,94967.78566274999,10543.02566076,-84424.76000198998,-702634.2479554036,297365.75204459636,-0.22112849151078018
2024-02-23,0.0,13069.068329520003,13069.068329520003,-689565.1796258836,310434.8203741164,0.043949473803426065
2024-02-26,19865.10292767,20752.481550195,887.3786225250005,-688677.8010033586,311322.19899664144,0.002858502217810477
2024-02-27,34830.084238949996,26158.11994575,-8671.964293199995,-697349.7652965585,302650.2347034415,-0.027855271230733836
2024-02-28,34145.93921739,66131.32926320999,31985.390045819993,-665364.3752507385,334635.62474926154,0.10568433914205166
2024-02-29,73610.64729018,38219.443114185,-35391.204175995,-700755.5794267334,299244.4205732666,-0.105760419867171
2024-03-04,15109.13729325,9535.130749575,-5574.006543674999,-706329.5859704084,293670.4140295916,-0.018626935576599113
2024-03-05,41957.613072374996,56148.229186380006,14190.61611400501,-692138.9698564034,307861.0301435966,0.04832157219819577
2024-03-06,44778.849995879995,83365.16655483,38586.31655895,-653552.6532974534,346447.3467025466,0.12533680063680697
2024-03-07,101508.82578836998,69683.94198432,-31824.883804049983,-685377.5371015035,314622.46289849654,-0.09186066542854576
2024-03-11,22028.003497499994,2261.46891735,-19766.534580149993,-705144.0716816535,294855.9283183465,-0.06282620254780447
2024-03-12,43625.86253024999,73222.11540918,29596.252878930005,-675547.8188027235,324452.18119727646,0.10037530209321699
2024-03-13,92262.89305233,74708.450651115,-17554.442401214998,-693102.2612039385,306897.7387960615,-0.05410486789281699
2024-03-14,60371.822195684996,289097.79104178,228725.96884609497,-464376.29235784354,535623.7076421564,0.7452839820305324
2024-03-15,136694.56288488,17134.331601915,-119560.23128296499,-583936.5236408085,416063.47635919147,-0.22321683969007888
2024-03-18,129957.06842117998,29105.870614379997,-100851.19780679999,-684787.7214476086,315212.27855239145,-0.24239377772187398
2024-03-19,25411.022111475,7296.12569088,-18114.896420595,-702902.6178682036,297097.38213179645,-0.05746887939704459
2024-03-20,15293.884090484997,14246.023596119998,-1047.8604943649989,-703950.4783625685,296049.52163743146,-0.003526993361052666
2024-03-21,13717.952948699998,20826.55147113,7108.59852243,-696841.8798401385,303158.1201598615,0.024011518353797223
2024-03-22,44113.94379892499,248.39495640000004,-43865.54884252499,-740707.4286826635,259292.57131733652,-0.14469527921400815
2024-03-26,0.0,8415.310490775,8415.310490775,-732292.1181918884,267707.88180811156,0.03245488464255275
2024-03-27,0.0,28788.774432975002,28788.774432975002,-703503.3437589135,296496.65624108654,0.10753801583477585
2024-03-28,17341.90253796,57391.11716427,40049.21462631,-663454.1291326034,336545.8708673966,0.13507475981026018
2024-04-01,39332.89057698,19656.5352885,-19676.355288479997,-683130.4844210834,316869.51557891665,-0.05846559709012944
2024-04-02,0.0,20286.673819199998,20286.673819199998,-662843.8106018833,337156.18939811666,0.06402216944768746
2024-04-03,0.0,16420.493504565,16420.493504565,-646423.3170973184,353576.68290268164,0.04870292766648743
2024-04-04,0.0,26064.49894047,26064.49894047,-620358.8181568483,379641.1818431517,0.0737166792971018
2024-04-05,0.0,110892.975135885,110892.975135885,-509465.8430209633,490534.1569790367,0.2920994360977949
2024-04-08,0.0,20931.229183634998,20931.229183634998,-488534.61383732833,511465.38616267167,0.042670278686687935
2024-04-09,0.0,83094.4178046,83094.4178046,-405440.1960327283,594559.8039672717,0.1624634238262448
2024-04-10,0.0,33487.102002375,33487.102002375,-371953.0940303533,628046.9059696468,0.05632251251922571
2024-04-12,29555.4815556,7934.138799119999,-21621.34275648,-393574.4367868333,606425.5632131668,-0.034426318402283385
2024-04-15,67383.39730121999,4742.68782474,-62640.709476479984,-456215.14626331325,543784.8537366868,-0.10329496854416242
2024-04-16,94280.52597463498,4294.499966235,-89986.02600839997,-546201.1722717133,453798.82772828673,-0.16548093495074312
2024-04-18,66655.62691788,36254.01955014,-30401.607367739998,-576602.7796394533,423397.2203605467,-0.0669935784539819
2024-04-19,41085.51645198,3321.01692873,-37764.49952325,-614367.2791627033,385632.7208372967,-0.08919401854148079
2024-04-22,99894.036427185,7546.33154457,-92347.704882615,-706714.9840453183,293285.0159546817,-0.2394706151545104
2024-04-23,0.0,5938.9039462050005,5938.9039462050005,-700776.0800991133,299223.9199008867,0.020249598933218982
2024-04-24,12709.041344999998,34276.043670975,21567.002325975,-679209.0777731383,320790.9222268617,0.07207646478636698
2024-04-25,0.0,47354.94483282,47354.94483282,-631854.1329403183,368145.8670596817,0.14761934191931658
2024-04-26,33133.131776744995,36720.516341385,3587.3845646400077,-628266.7483756783,371733.2516243217,0.009744465130878233
2024-04-29,17674.831349174998,56448.36222291,38773.530873735,-589493.2175019433,410506.78249805665,0.1043047150189298
2024-04-30,33514.963857375,75831.049258785,42316.085401410004,-547177.1321005333,452822.86789946666,0.10308254870700062
2024-05-02,11599.11840087,90958.40250804,79359.28410717001,-467817.84799336334,532182.1520066366,0.17525458569550167
2024-05-03,49369.7683479,4164.6215346750005,-45205.146813224994,-513022.99480658834,486977.00519341166,-0.08494299675923966
2024-05-06,66747.05389852499,3939.4828087650003,-62807.571089759986,-575830.5658963483,424169.43410365167,-0.12897440827789153
2024-05-07,127097.48404352998,1596.00520719,-125501.47883633999,-701332.0447326883,298667.95526731166,-0.2958758192974178
2024-05-08,46007.37062921999,45587.901989474994,-419.46863974499865,-701751.5133724334,298248.4866275666,-0.0014044648324244013
2024-05-09,28294.642501124996,18222.257052450004,-10072.385448674991,-711823.8988211084,288176.1011788916,-0.033771790638632004
2024-05-10,10815.514364654999,22639.54344435,11824.029079695003,-699999.8697414134,300000.1302585866,0.04103056787611603
2024-05-13,28162.574630189996,0.0,-28162.574630189996,-728162.4443716034,271837.55562839657,-0.09387520800712712
2024-05-14,0.0,16829.837620694998,16829.837620694998,-711332.6067509084,288667.3932490916,0.061911377851342486
2024-05-15,0.0,5000.32244223,5000.32244223,-706332.2843086785,293667.71569132153,0.017322089571492283
2024-05-16,0.0,1656.5049868500003,1656.5049868500003,-704675.7793218285,295324.2206781715,0.0056407459803689
2024-05-17,0.0,973.0152207900001,973.0152207900001,-703702.7641010385,296297.23589896155,0.003294735591126363
2024-05-21,13410.392145149997,129041.86742154,115631.47527639,-588071.2888246485,411928.7111753515,0.39025499149718934
2024-05-22,23914.309659239996,40939.50267684,17025.193017600002,-571046.0958070485,428953.9041929515,0.04133043547516313
2024-05-23,21912.83094,31557.333617460004,9644.502677460005,-561401.5931295885,438598.4068704115,0.022483774091310416
2024-05-24,25564.492048095,15763.00117005,-9801.490878044999,-571203.0840076335,428796.9159923665,-0.02234730159642584
2024-05-27,58395.89175419999,24027.541062345004,-34368.35069185498,-605571.4346994885,394428.56530051155,-0.0801506480342008
2024-05-28,62574.98308561499,48171.447178154995,-14403.535907459998,-619974.9706069485,380025.0293930515,-0.03651747660944915
2024-05-29,84540.02224667999,6677.368872075,-77862.653374605,-697837.6239815535,302162.3760184465,-0.20488822407029772
2024-05-30,20696.16807258,0.0,-20696.16807258,-718533.7920541335,281466.2079458665,-0.06849353101233402
2024-05-31,0.0,13876.4171925,13876.4171925,-704657.3748616335,295342.6251383665,0.049300473025766456
2024-06-03,13267.818533969998,16908.81149277,3640.992958800003,-701016.3819028335,298983.61809716653,0.012328030730729411
2024-06-04,3366.9845909699998,64234.713842145,60867.729251175,-640148.6526516585,359851.3473483415,0.20358215489717435
2024-06-05,87816.65146253999,146599.095154005,58782.443691465,-581366.2089601936,418633.79103980644,0.16335201778350616
2024-06-06,114880.81038934499,54107.755687394994,-60773.05470194999,-642139.2636621436,357860.7363378564,-0.14516996955979444
2024-06-07,60063.340011675,2092.50548991,-57970.834521765,-700110.0981839086,299889.9018160914,-0.16199272128874942
2024-06-10,0.0,31135.530677625,31135.530677625,-668974.5675062836,331025.43249371636,0.10382320474638385
2024-06-11,0.0,111588.03992034,111588.03992034,-557386.5275859437,442613.4724140563,0.33709808663253726
2024-06-12,8154.066845924998,40956.20615664,32802.139310715,-524584.3882752287,475415.6117247713,0.07411012396845718
2024-06-13,0.0,23268.871316520002,23268.871316520002,-501315.51695870864,498684.48304129136,0.04894427263779244
2024-06-14,0.0,75734.27530461,75734.27530461,-425581.2416540986,574418.7583459014,0.15186812078598244
2024-06-18,0.0,66081.114103635,66081.114103635,-359500.1275504636,640499.8724495363,0.11503996543205242
2024-06-19,0.0,44723.70336816,44723.70336816,-314776.4241823036,685223.5758176964,0.06982624867217879
2024-06-20,0.0,42444.89924337,42444.89924337,-272331.5249389336,727668.4750610664,0.06194313905898441
2024-06-21,19031.1134013,36869.05283121,17837.93942991,-254493.5855090236,745506.4144909764,0.02451382743826147
2024-06-24,0.0,6328.33941591,6328.33941591,-248165.2460931136,751834.7539068864,0.008488645158380104
2024-06-25,47856.7013925,63491.792731919995,15635.091339419996,-232530.15475369358,767469.8452463064,0.020795914605134636
2024-06-26,42772.50398421,2928.6482201999997,-39843.855764010004,-272374.0105177036,727625.9894822964,-0.051915858337369336
2024-06-27,81671.54454459,4310.906892884999,-77360.637651705,-349734.6481694086,650265.3518305914,-0.1063192337408767
2024-06-28,30079.867217400002,25390.597661325,-4689.2695560750035,-354423.9177254836,645576.0822745163,-0.00721131695372379
2024-07-01,0.0,21475.234134135004,21475.234134135004,-332948.6835913486,667051.3164086514,0.03326522577861435
2024-07-02,65084.71329359999,36334.0311984,-28750.68209519999,-361699.3656865486,638300.6343134514,-0.043101154870649694
2024-07-03,24645.825654449993,31386.200017365,6740.3743629150085,-354958.9913236336,645041.0086763664,0.010559874141696346
2024-07-04,65342.65976238,15636.197200950002,-49706.462561429995,-404665.4538850636,595334.5461149365,-0.07705938365597609
2024-07-05,0.0,25975.92320487,25975.92320487,-378689.53068019357,621310.4693198064,0.043632480887233704
2024-07-08,46703.032906529996,66902.20797285,20199.17506632,-358490.3556138736,641509.6443861264,0.032510598265684365
2024-07-09,124613.332158315,3885.552802755,-120727.77935556,-479218.13496943354,520781.86503056646,-0.18819324138312343
2024-07-10,93849.84069961499,1592.13104523,-92257.70965438499,-571475.8446238185,428524.1553761815,-0.17715230857543407
2024-07-11,85077.78795515999,93819.94474639499,8742.156791235,-562733.6878325836,437266.31216741644,0.020400616118269044
2024-07-12,103093.15951934998,2542.7356940249997,-100550.42382532498,-663284.1116579085,336715.88834209146,-0.22995236776170214
2024-07-15,64629.13071614999,25694.373231675,-38934.75748447499,-702218.8691423836,297781.13085761643,-0.11563088892591455
2024-07-16,21806.281301805,32458.958744805,10652.677443,-691566.1916993835,308433.80830061645,0.035773513964165726
2024-07-18,14339.734534124998,64276.556117985005,49936.82158386001,-641629.3701155236,358370.6298844764,0.16190450021999148
2024-07-19,60099.26383460999,0.0,-60099.26383460999,-701728.6339501336,298271.3660498664,-0.1677014208836909
2024-07-22,75475.72164132,111421.208234025,35945.48659270501,-665783.1473574286,334216.85264257144,0.12051269643729556
2024-07-23,48967.63585213499,10200.90265623,-38766.73319590499,-704549.8805533336,295450.11944666645,-0.11599275407384713
2024-07-24,0.0,5590.15489935,5590.15489935,-698959.7256539835,301040.27434601646,0.018920807714749133
2024-07-25,38309.397125999996,34032.76733583,-4276.6297901699945,-703236.3554441535,296763.64455584646,-0.014206171581063742
2024-07-26,16725.93967044,54677.38339449,37951.443724050005,-665284.9117201036,334715.0882798964,0.12788441043999943
2024-07-29,38458.90112063999,65897.554467015,27438.65334637501,-637846.2583737286,362153.7416262714,0.08197614719844992
2024-07-30,33290.91818051999,75091.17672693,41800.25854641001,-596045.9998273186,403954.0001726814,0.11542130797462868
2024-07-31,35328.1304376,92096.09175995998,56767.96132235998,-539278.0385049586,460721.9614950414,0.1405307567151035
2024-08-01,24248.490346079998,4620.632367375,-19627.857978704997,-558905.8964836636,441094.1035163364,-0.042602392807611356
2024-08-02,43403.849899409994,22635.515816009996,-20768.334083399997,-579674.2305670636,420325.76943293645,-0.04708368105090932
2024-08-05,70586.59650042,53525.165985269996,-17061.43051515,-596735.6610822135,403264.3389177865,-0.040590969566694945
2024-08-06,121123.72384612498,91279.30899033,-29844.41485579498,-626580.0759380085,373419.9240619915,-0.07400707668792739
2024-08-07,117842.42763793499,47165.40921816,-70677.01841977499,-697257.0943577834,302742.90564221656,-0.1892695431217587
2024-08-08,42147.527612189995,35200.682756325,-6946.844855864998,-704203.9392136484,295796.06078635156,-0.02294635060441297
2024-08-09,26035.537793264997,12552.8394951,-13482.698298164998,-717686.6375118134,282313.36248818657,-0.04558106102671633
2024-08-12,0.0,16513.998510960002,16513.998510960002,-701172.6390008534,298827.3609991466,0.05849527760716988
2024-08-13,8268.388127999999,2616.922458,-5651.465669999999,-706824.1046708534,293175.89532914665,-0.01891214262008656
2024-08-14,21913.67220042,40449.590284635,18535.918084215,-688288.1865866383,311711.81341336167,0.06322456375004792
2024-08-16,34318.007018295,62379.46718091,28061.460162614996,-660226.7264240233,339773.2735759767,0.09002373010933251
2024-08-19,8748.026747459999,52163.17634826,43415.1496008,-616811.5768232233,383188.42317677673,0.12777682347958996
2024-08-20,48165.3638466,26177.94719865,-21987.416647949998,-638798.9934711732,361201.0065288268,-0.0573801694363989
2024-08-21,29334.75084539999,29600.583790995,265.8329455950079,-638533.1605255782,361466.8394744218,0.0007359695593036619
2024-08-22,0.0,44307.46030788001,44307.46030788001,-594225.7002176982,405774.29978230176,0.12257683269730535
2024-08-23,0.0,44390.298281985,44390.298281985,-549835.4019357132,450164.59806428675,0.10939652488045803
2024-08-26,95824.13869528497,400.19524416,-95423.94345112497,-645259.3453868382,354740.6546131618,-0.21197567259053485
2024-08-27,61503.32747558999,3543.297041115,-57960.03043447499,-703219.3758213131,296780.6241786869,-0.16338705383987995
2024-08-28,0.0,69434.311559625,69434.311559625,-633785.0642616882,366214.93573831185,0.23395837161464983
2024-08-29,0.0,6337.7592966,6337.7592966,-627447.3049650881,372552.69503491186,0.017306119106864637
2024-08-30,0.0,7669.9270953000005,7669.9270953000005,-619777.3778697881,380222.6221302119,0.020587495936866818
2024-09-02,21088.686163545,40440.51653247001,19351.830368925006,-600425.5475008631,399574.4524991369,0.05089605205630754
2024-09-03,27285.119982119995,97347.68475012001,70062.56476800001,-530362.982732863,469637.01726713695,0.17534295380946907
2024-09-04,0.0,49467.280857345,49467.280857345,-480895.7018755181,519104.2981244819,0.10533088116690603
2024-09-05,170776.28589020998,9990.78286635,-160785.50302386,-641681.2048993781,358318.7951006219,-0.30973641251820927
2024-09-06,60108.87823940999,60818.23893195,709.360692540009,-640971.8442068382,359028.15579316183,0.0019796915546692606
2024-09-09,91753.12929782999,30277.62165042,-61475.50764740999,-702447.3518542482,297552.6481457518,-0.1712275392764082
2024-09-10,14394.476551454998,24728.795560889997,10334.319009435,-692113.0328448132,307886.9671551868,0.03473106044874763
2024-09-11,39623.596127115,25283.926848914998,-14339.669278200003,-706452.7021230132,293547.2978769868,-0.046574460136119655
2024-09-12,10993.370838449999,24210.12804759,13216.75720914,-693235.9449138732,306764.0550861268,0.04502428502911515
2024-09-13,23765.606864999994,23746.08456558,-19.522299419993942,-693255.4672132932,306744.5327867068,-6.363946197829318e-05
2024-09-16,32148.095944964996,24297.5286495,-7850.567295464996,-701106.0345087582,298893.9654912418,-0.025593177567483805
2024-09-17,22470.666718499997,45823.49035029,23352.82363179,-677753.2108769682,322246.7891230318,0.07813079663019917
2024-09-18,33270.667840409995,37261.896089715,3991.228249305008,-673761.9826276632,326238.0173723368,0.012385626122658477
2024-09-19,38234.55499363499,5797.91083545,-32436.644158184994,-706198.6267858482,293801.3732141518,-0.09942631585197781
2024-09-20,51429.68462131499,63240.59883726,11810.914215945006,-694387.7125699031,305612.2874300969,0.040200337005695586
2024-09-23,26296.398628499996,10118.945650275,-16177.452978224996,-710565.1655481281,289434.8344518719,-0.052934563313084215
2024-09-24,7696.461237465,62734.268269665,55037.8070322,-655527.358515928,344472.64148407197,0.19015612663358206
2024-09-25,20966.613267599998,14456.34162756,-6510.271640039999,-662037.630155968,337962.369844032,-0.018899241495615282
2024-09-26,41192.286420284996,40201.08420447,-991.2022158149994,-663028.832371783,336971.167628217,-0.002932877456955918
2024-09-27,58708.89070546499,23944.838168025002,-34764.05253743999,-697792.884909223,302207.11509077705,-0.10316625241894706
2024-09-30,29815.37093535,20042.203923809997,-9773.167011540005,-707566.051920763,292433.948079237,-0.03233930150388542
2024-10-01,30178.555076669996,54503.325032085006,24324.76995541501,-683241.2819653479,316758.71803465206,0.08318039035886526
2024-10-03,47959.675673909995,38847.31200679501,-9112.363667114987,-692353.6456324629,307646.3543675371,-0.02876752287562334
2024-10-04,64908.449205599994,57895.8516945,-7012.597511099993,-699366.2431435629,300633.7568564371,-0.022794346208056204
2024-10-07,20460.344749844997,41766.94195929,21306.597209445004,-678059.645934118,321940.35406588204,0.07087227140503582
2024-10-08,77234.887314585,149733.818083215,72498.93076863002,-605560.715165488,394439.28483451204,0.22519367284349134
2024-10-09,99598.834139805,1431.7356511799999,-98167.098488625,-703727.813654113,296272.186345887,-0.24887758968990947
2024-10-10,15700.022588249998,16294.17239712,594.1498088700027,-703133.6638452429,296866.33615475707,0.0020054187880342855
2024-10-11,0.0,10628.65614456,10628.65614456,-692505.007700683,307494.99229931703,0.035802833969760695
2024-10-14,22433.6112,29992.834502640006,7559.223302640006,-684945.784398043,315054.21560195705,0.02458324035170567
2024-10-15,21003.98926626,15853.198557374999,-5150.790708885001,-690096.5751069279,309903.4248930721,-0.0163489026770951
2024-10-16,38324.950428765,20514.56582907,-17810.384599694997,-707906.9597066229,292093.0402933771,-0.057470757562102515
2024-10-17,0.0,62326.15580565001,62326.15580565001,-645580.8039009728,354419.1960990272,0.21337775026426486
2024-10-18,60839.69318426999,50807.13179022,-10032.56139404999,-655613.3652950228,344386.63470497716,-0.02830704855852917
2024-10-21,69640.889593275,89699.36744340001,20058.47785012501,-635554.8874448978,364445.1125551022,0.05824406590955067
2024-10-22,66236.03826839999,76124.552931315,9888.514662915011,-625666.3727819828,374333.62721801724,0.027133069760731043
2024-10-23,87694.92909176998,119934.256813875,32239.327722105023,-593427.0450598777,406572.9549401223,0.08612458346770024
2024-10-24,72243.92960284499,61448.45957046,-10795.47003238499,-604222.5150922626,395777.48490773735,-0.026552356474313088
2024-10-25,42593.786219985,95795.4247839,53201.638563915,-551020.8765283476,448979.1234716524,0.1344231053879108
2024-10-28,72705.75152841,177302.594949975,104596.843421565,-446424.0331067826,553575.9668932174,0.23296593973632507
2024-10-29,149258.47679242498,22816.314051795,-126442.16274062998,-572866.1958474126,427133.8041525874,-0.22840977625934433
2024-10-30,72978.770579715,25531.94452797,-47446.826051744996,-620313.0218991576,379686.97810084245,-0.11108188017541054
2024-10-31,72687.153664125,40892.016825225,-31795.136838899998,-652108.1587380576,347891.8412619424,-0.08374039319951465
2024-11-01,54651.88228499999,1866.7684878749997,-52785.11379712499,-704893.2725351825,295106.72746481746,-0.15172851885704564
2024-11-04,0.0,11978.61734205,11978.61734205,-692914.6551931326,307085.3448068674,0.0405907972514048
2024-11-05,25898.802929999998,36100.296741825,10201.493811825,-682713.1613813075,317286.8386186925,0.03322038639857916
2024-11-06,49123.61955501,1003.7517435,-48119.867811510005,-730833.0291928175,269166.9708071825,-0.15166045973101094
2024-11-07,0.0,13388.74891893,13388.74891893,-717444.2802738876,282555.71972611244,0.04974142584723351
2024-11-08,0.0,14460.33321198,14460.33321198,-702983.9470619076,297016.0529380924,0.051176926186440985
2024-11-11,0.0,2818.2246393150003,2818.2246393150003,-700165.7224225926,299834.2775774074,0.009488458995522642
2024-11-12,16494.17242473,13881.662317125,-2612.5101076050014,-702778.2325301976,297221.7674698024,-0.008713180256485376
2024-11-13,19462.349501595,31038.327158444998,11575.977656849998,-691202.2548733476,308797.7451266524,0.0389472741360577
2024-11-14,71235.10813419,61305.428879325,-9929.679254864997,-701131.9341282126,298868.0658717874,-0.03215593187311783
2024-11-18,18368.520670500002,34906.973449635,16538.452779134997,-684593.4813490777,315406.51865092234,0.05533696860818127
2024-11-19,27233.592781394997,11013.81452064,-16219.778260754996,-700813.2596098327,299186.74039016734,-0.05142499378304333
2024-11-21,33705.61950756,31035.99219075,-2669.627316809998,-703482.8869266426,296517.1130733574,-0.00892294662968185
2024-11-22,39511.628371214996,72139.516686585,32627.888315370008,-670854.9986112727,329145.00138872734,0.11003711717406994
2024-11-25,16133.371854599998,70020.38818134,53887.01632673999,-616967.9822845326,383032.0177154674,0.16371816706734155
2024-11-26,19577.131473899994,49903.27466710499,30326.143193204996,-586641.8390913276,413358.1609086724,0.07917391181572864
2024-11-27,0.0,49555.916852625,49555.916852625,-537085.9222387027,462914.07776129735,0.1198861460571814
2024-11-28,51278.638315905,13205.805270705,-38072.8330452,-575158.7552839026,424841.24471609737,-0.08224600390060355
2024-11-29,0.0,24640.00983549,24640.00983549,-550518.7454484126,449481.2545515874,0.057998158469655836
2024-12-02,17284.566634335,56580.64745526,39296.080820924995,-511222.6646274876,488777.3353725124,0.08742540522658215
2024-12-03,0.0,41087.56347783,41087.56347783,-470135.1011496576,529864.8988503424,0.0840619245295322
2024-12-04,0.0,29090.25587475,29090.25587475,-441044.84527490765,558955.1547250923,0.05490126999895195
2024-12-05,0.0,31742.48423151,31742.48423151,-409302.3610433976,590697.6389566024,0.056788964129191655
2024-12-06,0.0,11003.717777490001,11003.717777490001,-398298.64326590765,601701.3567340923,0.018628342237708484
2024-12-09,0.0,19926.22297086,19926.22297086,-378372.42029504763,621627.5797049524,0.033116466745256146
2024-12-10,27874.262666249997,34870.364265465,6996.101599215006,-371376.3186958326,628623.6813041674,0.011254490353429292
2024-12-11,26436.859073624993,18147.633625575,-8289.225448049994,-379665.54414388264,620334.4558561174,-0.013186307952721132
2024-12-12,24336.46215,61994.722860359994,37658.260710359995,-342007.2834335226,657992.7165664774,0.060706382427828
2024-12-13,68166.07995697498,24370.940309355,-43795.13964761998,-385802.4230811426,614197.5769188574,-0.06655869973173989
2024-12-17,91119.72029159998,30454.44190317,-60665.27838842998,-446467.70146957255,553532.2985304275,-0.09877160162819154
2024-12-18,175510.50894877498,14623.627559175,-160886.8813896,-607354.5828591725,392645.4171408275,-0.29065491176709735
2024-12-19,102857.55652672499,358.84204875,-102498.714477975,-709853.2973371475,290146.7026628525,-0.26104650660219597
2024-12-20,5085.0186386999985,12641.70247317,7556.683834470002,-702296.6135026775,297703.38649732247,0.026044355373050054
2024-12-23,70107.61887128999,87693.26982912,17585.650957830017,-684710.9625448475,315289.0374551525,0.05907104774566685
2024-12-24,19645.714228139997,2242.8738510300004,-17402.84037711,-702113.8029219576,297886.19707804243,-0.05519646517867116
2024-12-26,22087.592777249996,12677.342677289998,-9410.250099959998,-711524.0530219176,288475.9469780824,-0.031590084375392014
2024-12-27,24715.970749469998,74149.981229565,49434.01048009501,-662090.0425418225,337909.95745817747,0.17136267684685302
2024-12-30,64066.57787029499,15217.735466565,-48848.84240372999,-710938.8849455526,289061.11505444744,-0.14456171333683165
2024-12-31,38362.837192679995,56670.814283175,18307.977090495006,-692630.9078550575,307369.0921449425,0.06333600798241767
2025-01-01,30585.374594774996,0.0,-30585.374594774996,-723216.2824498325,276783.71755016746,-0.09950699460813783
2025-01-02,0.0,2580.062355,2580.062355,-720636.2200948326,279363.7799051674,0.009321582851174348
2025-01-03,14298.422638499998,24681.77327025,10383.350631750001,-710252.8694630826,289747.13053691736,0.037167848442180684
2025-01-06,0.0,10824.27377112,10824.27377112,-699428.5956919626,300571.40430803737,0.037357656488476776
2025-01-07,53554.147601954995,159069.800005965,105515.65240401,-593912.9432879526,406087.05671204743,0.3510502026861926
2025-01-08,56820.881992874994,8482.435248825,-48338.446744049994,-642251.3900320026,357748.6099679974,-0.11903468959446883
2025-01-09,73925.15850719999,15123.7506105,-58801.40789669999,-701052.7979287026,298947.20207129745,-0.1643651610608915
2025-01-10,43132.90395414,120241.23098742,77108.32703328,-623944.4708954225,376055.5291045775,0.2579329276173994
2025-01-13,77933.61418342499,86115.4767216,8181.862538175017,-615762.6083572474,384237.39164275257,0.021757059542926616
2025-01-14,64337.66402563499,223980.917941935,159643.25391630002,-456119.3544409474,543880.6455590526,0.4154807871086359
2025-01-15,209690.54925818997,0.0,-209690.54925818997,-665809.9036991374,334190.0963008626,-0.3855451576929162
2025-01-16,47990.60200935,9347.89559715,-38642.7064122,-704452.6101113374,295547.3898886626,-0.11563091438057149
2025-01-17,0.0,24789.701434050003,24789.701434050003,-679662.9086772874,320337.0913227126,0.08387724704112154
2025-01-20,0.0,37788.206917049996,37788.206917049996,-641874.7017602375,358125.29823976255,0.11796388223735699
2025-01-21,15921.454348799998,65032.10076204,49110.64641324,-592764.0553469975,407235.94465300255,0.13713258084426294
2025-01-22,58547.528944904996,8098.117051724999,-50449.41189318,-643213.4672401774,356786.53275982256,-0.12388251222805713
2025-01-23,74501.28168483,12344.936705999999,-62156.34497883,-705369.8122190074,294630.1877809926,-0.17421157827353217
2025-01-24,0.0,58747.237276679996,58747.237276679996,-646622.5749423275,353377.42505767255,0.19939313659314672
2025-01-27,58460.608716509996,12112.672797405,-46347.935919104995,-692970.5108614324,307029.4891385676,-0.13115703673357404
2025-01-28,48334.557341069994,122474.420247735,74139.86290666502,-618830.6479547673,381169.35204523266,0.24147472972280037
2025-01-29,67227.293418285,65723.700524985,-1503.592893299996,-620334.2408480673,379665.75915193267,-0.00394468465324449
2025-01-30,63930.7844175,16505.90480277,-47424.87961473,-667759.1204627973,332240.87953720265,-0.12491218518273539
2025-01-31,28025.989991999995,19802.18124675,-8223.808745249997,-675982.9292080473,324017.07079195266,-0.024752549285041003
2025-02-01,33989.00408904,17503.749564165002,-16485.254524874996,-692468.1837329223,307531.8162670777,-0.050877734573003264
2025-02-03,20712.89313093,15482.588388524999,-5230.304742405,-697698.4884753273,302301.51152467274,-0.017007361403747145
2025-02-04,30878.373581055,30650.988674654996,-227.38490640000236,-697925.8733817273,302074.12661827274,-0.0007521791910770625
2025-02-05,26298.071134334998,26780.643424125,482.5722897900014,-697443.3010919372,302556.69890806277,0.0015975293719869832
2025-02-06,0.0,11546.67110067,11546.67110067,-685896.6299912672,314103.3700087328,0.038163660372889874
2025-02-07,0.0,4391.719094790001,4391.719094790001,-681504.9108964772,318495.0891035228,0.013981763693487137
2025-02-10,30461.989733174996,12510.7210557,-17951.268677474996,-699456.1795739522,300543.8204260478,-0.05636278012324458
2025-02-11,29743.463199449994,22602.972327075004,-7140.49087237499,-706596.6704463272,293403.3295536728,-0.02375856825887379
2025-02-12,30466.997235674997,52400.662289595,21933.66505392,-684663.0053924072,315336.9946075928,0.0747560195969339
2025-02-13,51760.07963626499,34788.739202235,-16971.34043402999,-701634.3458264372,298365.65417356277,-0.05381969361111372
2025-02-14,11729.27340585,3367.895797935,-8361.377607915,-709995.7234343522,290004.2765656478,-0.028023927992231523
2025-02-17,39374.5930578,136541.582174565,97166.989116765,-612828.7343175872,387171.2656824128,0.3350536421995469
2025-02-18,68805.00723096,15895.489124475,-52909.51810648499,-665738.2524240722,334261.74757592776,-0.13665662407366097
2025-02-19,47409.481344224994,110737.42968703501,63327.948342810014,-602410.3040812622,397589.6959187378,0.1894561636264558
2025-02-20,117700.09438687499,1381.37229495,-116318.722091925,-718729.0261731872,281270.9738268128,-0.29255969982607155
2025-02-21,0.0,11574.577406429999,11574.577406429999,-707154.4487667572,292845.55123324285,0.04115098422333774
2025-02-24,0.0,5231.217071475,5231.217071475,-701923.2316952822,298076.76830471784,0.01786339949316318
2025-02-25,0.0,75794.27214771,75794.27214771,-626128.9595475722,373871.0404524278,0.2542776902030386
2025-02-27,15504.4295406,17492.439815235,1988.0102746350003,-624140.9492729371,375859.05072706286,0.00531736898431423
2025-02-28,51687.45082000499,45943.903276829995,-5743.547543174995,-629884.4968161122,370115.5031838878,-0.015281120760733846
2025-03-03,42703.089984554994,85993.572582765,43290.48259821001,-586594.0142179022,413405.9857820978,0.11696479133083382
2025-03-04,51244.51719386999,34028.699882355,-17215.81731151499,-603809.8315294172,396190.1684705828,-0.04164385108973545
2025-03-05,101256.70805249999,10142.150022675001,-91114.55802982498,-694924.3895592422,305075.6104407578,-0.22997682749563297
2025-03-07,0.0,27041.597284050004,27041.597284050004,-667882.7922751922,332117.2077248078,0.08863900082009701
2025-03-10,0.0,13649.184152999998,13649.184152999998,-654233.6081221922,345766.3918778078,0.04109749159492426
2025-03-11,33054.524002499995,17164.400088330003,-15890.123914169992,-670123.7320363622,329876.26796363783,-0.04595624180786617
2025-03-12,28002.194340119997,4762.788918525,-23239.405421595,-693363.1374579571,306636.86254204286,-0.07044885515728172
2025-03-13,12016.704049349997,32910.08041656,20893.376367210003,-672469.7610907471,327530.2389092529,0.06813719718497757
2025-03-17,28531.347144299994,14035.340929679998,-14496.006214619996,-686965.767305367,313034.23269463296,-0.04425852789316442
2025-03-18,34419.058418745,18452.05798149,-15967.000437255,-702932.7677426221,297067.23225737794,-0.051007202310780264
2025-03-20,2388.5386324799993,103165.631404695,100777.092772215,-602155.674970407,397844.32502959296,0.3392400164986966
2025-03-21,0.0,102957.019255665,102957.019255665,-499198.655714742,500801.344285258,0.25878720086809515
2025-03-24,0.0,102986.483022405,102986.483022405,-396212.172692337,603787.8273076629,0.20564338374408098
2025-03-25,0.0,57873.127556385,57873.127556385,-338339.045135952,661660.9548640479,0.09585010650917858
2025-03-26,42510.99217365,12054.248285399999,-30456.74388825,-368795.78902420204,631204.210975798,-0.04603074076587754
2025-03-27,40552.20742072499,4608.976589819999,-35943.23083090499,-404739.019855107,595260.980144893,-0.056943902157020054
2025-03-28,73811.51824546499,53846.7078915,-19964.81035396499,-424703.830209072,575296.169790928,-0.03353959190993061
2025-04-01,42969.02842732499,56854.438375275,13885.409947950007,-410818.420261122,589181.579738878,0.02413610706463798
2025-04-02,169161.696829125,0.0,-169161.696829125,-579980.117090247,420019.882909753,-0.28711301005726697
2025-04-03,0.0,4682.94409827,4682.94409827,-575297.172991977,424702.82700802304,0.011149339088017074
2025-04-04,23254.84161,55071.119524229995,31816.277914229995,-543480.895077747,456519.10492225306,0.07491421269401854
2025-04-07,44632.670982899996,108116.20611945001,63483.53513655002,-479997.3599411969,520002.6400588031,0.1390599746036072
2025-04-08,86087.370564195,50689.479055725,-35397.89150846999,-515395.2514496669,484604.7485503331,-0.0680725226788601
2025-04-11,172789.03149007497,0.0,-172789.03149007497,-688184.2829397419,311815.71706025815,-0.35655662064179783
2025-04-15,0.0,213328.0053531,213328.0053531,-474856.27758664184,525143.7224133582,0.6841476990458264
2025-04-16,0.0,65780.65891458,65780.65891458,-409075.6186720618,590924.3813279382,0.12526220176883673
2025-04-17,0.0,60003.356455125,60003.356455125,-349072.2622169368,650927.7377830632,0.10154151419557977
2025-04-21,23359.298112149998,9179.43322815,-14179.864883999999,-363252.1271009368,636747.8728990632,-0.021784084562587513
2025-04-22,0.0,62720.8825338,62720.8825338,-300531.24456713675,699468.7554328633,0.09850191135815933
2025-04-23,0.0,161943.73409007,161943.73409007,-138587.51047706674,861412.4895229333,0.23152389986290633
2025-04-24,0.0,105263.77819266001,105263.77819266001,-33323.732284406724,966676.2677155933,0.1221990387566323
2025-04-25,51086.590580025,57147.869979945004,6061.279399920008,-27262.452884486716,972737.5471155132,0.006270226757757902
2025-04-28,0.0,106724.26140749999,106724.26140749999,79461.80852301327,1079461.8085230133,0.10971537155522837
2025-05-02,0.0,20079.539860499997,20079.539860499997,99541.34838351326,1099541.3483835133,0.01860143610636311
2025-05-05,0.0,39494.6723934,39494.6723934,139036.02077691327,1139036.0207769133,0.03591922436701722
2025-05-06,0.0,7305.912174599999,7305.912174599999,146341.93295151327,1146341.9329515132,0.006414118641846489
2025-05-07,0.0,23601.233791349998,23601.233791349998,169943.16674286328,1169943.1667428634,0.02058830189573846
2025-05-08,0.0,19153.72728981,19153.72728981,189096.89403267327,1189096.8940326732,0.016371502338129895
2025-05-09,0.0,1129.7326365000001,1129.7326365000001,190226.62666917327,1190226.6266691734,0.0009500761814866809
