,date,portfolio_value,total_buy_cost,total_sell_value,net_flow,balance,asset_valuation
0,2020-01-07,230960.72,232561.333,0.0,-232561.333,767438.667,998399.387
1,2020-01-08,541977.39,306643.733,0.0,-306643.733,460794.934,1002772.324
2,2020-01-09,564017.04,0.0,0.0,0.0,460794.934,1024811.974
3,2020-01-10,558876.51,0.0,0.0,0.0,460794.934,1019671.444
4,2020-01-13,627554.27,70283.907,0.0,-70283.907,390511.027,1018065.297
5,2020-01-14,628747.75,0.0,0.0,0.0,390511.027,1019258.777
6,2020-01-15,689861.15,58068.924,0.0,-58068.924,332442.103,1022303.253
7,2020-01-16,684335.14,0.0,0.0,0.0,332442.103,1016777.243
8,2020-01-17,665004.59,0.0,0.0,0.0,332442.103,997446.693
9,2020-01-20,697398.04,36227.784,118222.231,81994.447,414436.55000000005,1111834.59
10,2020-01-21,750061.88,165835.894,0.0,-165835.894,248600.65600000008,998662.5360000001
11,2020-01-22,744052.63,0.0,55525.167,55525.167,304125.8230000001,1048178.4530000001
12,2020-01-23,781070.19,83363.649,0.0,-83363.649,220762.17400000012,1001832.3640000001
13,2020-01-24,788222.81,0.0,0.0,0.0,220762.17400000012,1008984.9840000002
14,2020-01-27,780481.24,0.0,0.0,0.0,220762.17400000012,1001243.4140000001
15,2020-01-28,774537.57,0.0,0.0,0.0,220762.17400000012,995299.7440000001
16,2020-01-29,775929.49,0.0,0.0,0.0,220762.17400000012,996691.6640000001
17,2020-01-30,764241.61,0.0,0.0,0.0,220762.17400000012,985003.7840000001
18,2020-01-31,751431.16,0.0,0.0,0.0,220762.17400000012,972193.3340000001
19,2020-02-03,727595.51,0.0,0.0,0.0,220762.17400000012,948357.6840000001
20,2020-02-04,803157.47,61417.8,154129.377,92711.577,313473.75100000016,1116631.2210000001
21,2020-02-05,649925.92,0.0,0.0,0.0,313473.75100000016,963399.6710000002
22,2020-02-06,658322.01,0.0,88000.293,88000.293,401474.0440000002,1059796.0540000002
23,2020-02-07,568935.65,0.0,0.0,0.0,401474.0440000002,970409.6940000003
24,2020-02-10,559014.15,0.0,0.0,0.0,401474.0440000002,960488.1940000003
25,2020-02-11,558702.48,0.0,0.0,0.0,401474.0440000002,960176.5240000002
26,2020-02-12,551066.23,0.0,2456.291,2456.291,403930.3350000002,954996.5650000002
27,2020-02-13,547460.52,0.0,0.0,0.0,403930.3350000002,951390.8550000002
28,2020-02-14,541107.76,0.0,0.0,0.0,403930.3350000002,945038.0950000002
29,2020-02-17,528589.22,0.0,65571.87,65571.87,469502.2050000002,998091.4250000002
30,2020-02-18,541172.92,79816.346,9560.531,-70255.815,399246.39000000013,940419.3100000002
31,2020-02-19,537777.45,0.0,0.0,0.0,399246.39000000013,937023.8400000001
32,2020-02-20,536322.09,0.0,0.0,0.0,399246.39000000013,935568.4800000001
33,2020-02-24,524388.08,0.0,3021.57,3021.57,402267.9600000001,926656.04
34,2020-02-25,539026.88,21421.465,107758.278,86336.81300000001,488604.7730000001,1027631.6530000002
35,2020-02-26,430972.11,0.0,0.0,0.0,488604.7730000001,919576.8830000001
36,2020-02-27,507558.0,75359.808,6950.135,-68409.67300000001,420195.1000000001,927753.1000000001
37,2020-02-28,587055.89,113788.224,2902.641,-110885.583,309309.5170000001,896365.4070000001
38,2020-03-02,618347.61,46820.332,6973.984,-39846.348,269463.1690000001,887810.7790000001
39,2020-03-03,674070.04,46504.228,199224.652,152720.424,422183.5930000001,1096253.6330000001
40,2020-03-04,465892.56,0.0,0.0,0.0,422183.5930000001,888076.1530000002
41,2020-03-05,562700.42,96702.421,33538.316,-63164.105,359019.4880000001,921719.9080000002
42,2020-03-06,511002.97,0.0,0.0,0.0,359019.4880000001,870022.4580000001
43,2020-03-09,521523.39,45840.76,95033.231,49192.471,408211.95900000015,929735.3490000002
44,2020-03-11,457831.31,31953.239,245849.376,213896.137,622108.0960000001,1079939.4060000002
45,2020-03-12,193890.54,0.0,19404.718,19404.718,641512.8140000001,835403.3540000002
46,2020-03-13,301408.94,97227.713,55145.741,-42081.972,599430.8420000002,900839.7820000001
47,2020-03-16,325859.49,117179.358,0.0,-117179.358,482251.4840000001,808110.9740000002
48,2020-03-17,323095.16,0.0,31743.051,31743.051,513994.5350000001,837089.6950000001
49,2020-03-18,277432.91,0.0,0.0,0.0,513994.5350000001,791427.4450000001
50,2020-03-19,270967.49,0.0,46360.94,46360.94,560355.4750000001,831322.9650000001
51,2020-03-20,232381.75,0.0,0.0,0.0,560355.4750000001,792737.2250000001
52,2020-03-23,209890.36,0.0,0.0,0.0,560355.4750000001,770245.8350000001
53,2020-03-24,211548.53,0.0,66118.8,66118.8,626474.2750000001,838022.8050000002
54,2020-03-25,147731.93,0.0,0.0,0.0,626474.2750000001,774206.2050000001
55,2020-03-26,153028.28,0.0,0.0,0.0,626474.2750000001,779502.5550000002
56,2020-03-27,155099.95,0.0,0.0,0.0,626474.2750000001,781574.2250000001
57,2020-03-30,151866.18,0.0,0.0,0.0,626474.2750000001,778340.4550000001
58,2020-03-31,157162.48,0.0,0.0,0.0,626474.2750000001,783636.7550000001
59,2020-04-01,152385.85,0.0,0.0,0.0,626474.2750000001,778860.1250000001
60,2020-04-03,155348.83,0.0,0.0,0.0,626474.2750000001,781823.1050000001
61,2020-04-07,163687.0,0.0,0.0,0.0,626474.2750000001,790161.2750000001
62,2020-04-08,162903.26,0.0,0.0,0.0,626474.2750000001,789377.5350000001
63,2020-04-09,168765.71,0.0,0.0,0.0,626474.2750000001,795239.9850000001
64,2020-04-13,168603.01,0.0,0.0,0.0,626474.2750000001,795077.2850000001
65,2020-04-15,168153.78,0.0,39435.324,39435.324,665909.5990000002,834063.3790000002
66,2020-04-16,131311.97,0.0,0.0,0.0,665909.5990000002,797221.5690000001
67,2020-04-17,134686.9,0.0,0.0,0.0,665909.5990000002,800596.4990000002
68,2020-04-20,133029.87,0.0,0.0,0.0,665909.5990000002,798939.4690000002
69,2020-04-21,129536.93,0.0,0.0,0.0,665909.5990000002,795446.5290000001
70,2020-04-22,129910.09,0.0,0.0,0.0,665909.5990000002,795819.6890000001
71,2020-04-23,127982.25,0.0,0.0,0.0,665909.5990000002,793891.8490000002
72,2020-04-24,127604.74,0.0,0.0,0.0,665909.5990000002,793514.3390000002
73,2020-04-27,129976.71,0.0,0.0,0.0,665909.5990000002,795886.3090000001
74,2020-04-28,129751.68,0.0,0.0,0.0,665909.5990000002,795661.2790000001
75,2020-04-29,131846.57,0.0,0.0,0.0,665909.5990000002,797756.1690000002
76,2020-04-30,136920.96,0.0,0.0,0.0,665909.5990000002,802830.5590000001
77,2020-05-04,131771.45,0.0,0.0,0.0,665909.5990000002,797681.0490000001
78,2020-05-05,210862.42,79721.783,0.0,-79721.783,586187.8160000001,797050.2360000001
79,2020-05-06,210265.8,0.0,0.0,0.0,586187.8160000001,796453.6160000002
80,2020-05-07,208085.36,0.0,0.0,0.0,586187.8160000001,794273.1760000001
81,2020-05-08,209530.69,0.0,0.0,0.0,586187.8160000001,795718.506
82,2020-05-11,207261.57,0.0,0.0,0.0,586187.8160000001,793449.3860000002
83,2020-05-12,206822.71,0.0,0.0,0.0,586187.8160000001,793010.5260000001
84,2020-05-13,208536.5,0.0,0.0,0.0,586187.8160000001,794724.3160000001
85,2020-05-14,209751.04,0.0,0.0,0.0,586187.8160000001,795938.8560000001
86,2020-05-15,212240.55,0.0,24753.217,24753.217,610941.033,823181.5830000001
87,2020-05-18,180125.92,0.0,0.0,0.0,610941.033,791066.9530000001
88,2020-05-19,232120.81,48540.418,0.0,-48540.418,562400.6150000001,794521.425
89,2020-05-20,236766.89,0.0,0.0,0.0,562400.6150000001,799167.5050000001
90,2020-05-21,236123.51,0.0,0.0,0.0,562400.6150000001,798524.1250000001
91,2020-05-22,234137.16,0.0,0.0,0.0,562400.6150000001,796537.7750000001
92,2020-05-26,233598.14,0.0,0.0,0.0,562400.6150000001,795998.7550000001
93,2020-05-27,235990.48,0.0,0.0,0.0,562400.6150000001,798391.0950000001
94,2020-05-28,236047.36,0.0,0.0,0.0,562400.6150000001,798447.9750000001
95,2020-05-29,237373.5,0.0,0.0,0.0,562400.6150000001,799774.1150000001
96,2020-06-01,243294.76,0.0,0.0,0.0,562400.6150000001,805695.3750000001
97,2020-06-02,246797.52,0.0,80269.784,80269.784,642670.3990000001,889467.9190000001
98,2020-06-03,168111.93,0.0,0.0,0.0,642670.3990000001,810782.3290000001
99,2020-06-04,167991.6,0.0,0.0,0.0,642670.3990000001,810661.9990000001
100,2020-06-05,173342.69,0.0,77196.616,77196.616,719867.0150000001,893209.7050000001
101,2020-06-08,95301.22,0.0,0.0,0.0,719867.0150000001,815168.2350000001
102,2020-06-09,93880.38,0.0,0.0,0.0,719867.0150000001,813747.3950000001
103,2020-06-10,96041.75,0.0,0.0,0.0,719867.0150000001,815908.7650000001
104,2020-06-11,97186.46,0.0,0.0,0.0,719867.0150000001,817053.4750000001
105,2020-06-12,98064.9,0.0,0.0,0.0,719867.0150000001,817931.9150000002
106,2020-06-15,98288.76,0.0,0.0,0.0,719867.0150000001,818155.7750000001
107,2020-06-16,102841.38,0.0,0.0,0.0,719867.0150000001,822708.3950000001
108,2020-06-17,102807.2,0.0,0.0,0.0,719867.0150000001,822674.2150000001
109,2020-06-18,102347.96,0.0,0.0,0.0,719867.0150000001,822214.9750000001
110,2020-06-19,104681.18,0.0,0.0,0.0,719867.0150000001,824548.1950000001
111,2020-06-22,100129.78,0.0,0.0,0.0,719867.0150000001,819996.7950000002
112,2020-06-23,100710.59,0.0,0.0,0.0,719867.0150000001,820577.6050000001
113,2020-06-24,99657.26,0.0,0.0,0.0,719867.0150000001,819524.2750000001
114,2020-06-25,95225.65,0.0,0.0,0.0,719867.0150000001,815092.6650000002
115,2020-06-26,97236.04,0.0,0.0,0.0,719867.0150000001,817103.0550000002
116,2020-06-29,96372.68,0.0,0.0,0.0,719867.0150000001,816239.6950000001
117,2020-06-30,95652.43,0.0,0.0,0.0,719867.0150000001,815519.4450000001
118,2020-07-01,98581.26,0.0,0.0,0.0,719867.0150000001,818448.2750000001
119,2020-07-02,99976.46,0.0,0.0,0.0,719867.0150000001,819843.4750000001
120,2020-07-03,99159.91,0.0,0.0,0.0,719867.0150000001,819026.9250000002
121,2020-07-06,100444.12,0.0,0.0,0.0,719867.0150000001,820311.1350000001
122,2020-07-07,166986.06,66382.986,0.0,-66382.986,653484.0290000001,820470.0890000002
123,2020-07-08,165979.33,0.0,0.0,0.0,653484.0290000001,819463.359
124,2020-07-09,164303.45,0.0,0.0,0.0,653484.0290000001,817787.479
125,2020-07-10,159689.67,0.0,0.0,0.0,653484.0290000001,813173.6990000001
126,2020-07-13,156197.54,0.0,0.0,0.0,653484.0290000001,809681.5690000001
127,2020-07-14,150403.4,0.0,0.0,0.0,653484.0290000001,803887.4290000001
128,2020-07-15,151030.69,0.0,54368.764,54368.764,707852.7930000001,858883.483
129,2020-07-16,244587.47,145391.224,0.0,-145391.224,562461.5690000001,807049.0390000001
130,2020-07-17,305589.31,57086.659,0.0,-57086.659,505374.91000000015,810964.2200000002
131,2020-07-20,306316.26,0.0,0.0,0.0,505374.91000000015,811691.1700000002
132,2020-07-21,310719.73,0.0,0.0,0.0,505374.91000000015,816094.6400000001
133,2020-07-22,307978.26,0.0,0.0,0.0,505374.91000000015,813353.1700000002
134,2020-07-23,312797.42,0.0,0.0,0.0,505374.91000000015,818172.3300000001
135,2020-07-24,309737.85,0.0,0.0,0.0,505374.91000000015,815112.7600000001
136,2020-07-27,303024.49,0.0,0.0,0.0,505374.91000000015,808399.4000000001
137,2020-07-28,308951.17,0.0,0.0,0.0,505374.91000000015,814326.0800000001
138,2020-07-29,311557.59,0.0,0.0,0.0,505374.91000000015,816932.5000000002
139,2020-07-30,308422.88,0.0,0.0,0.0,505374.91000000015,813797.7900000002
140,2020-07-31,305006.13,0.0,0.0,0.0,505374.91000000015,810381.0400000002
141,2020-08-03,295858.12,0.0,0.0,0.0,505374.91000000015,801233.0300000001
142,2020-08-04,297495.53,0.0,0.0,0.0,505374.91000000015,802870.4400000002
143,2020-08-05,299633.39,0.0,0.0,0.0,505374.91000000015,805008.3000000002
144,2020-08-06,300590.71,0.0,0.0,0.0,505374.91000000015,805965.6200000001
145,2020-08-07,304097.4,0.0,0.0,0.0,505374.91000000015,809472.3100000002
146,2020-08-10,306202.67,0.0,0.0,0.0,505374.91000000015,811577.5800000001
147,2020-08-11,308491.57,0.0,0.0,0.0,505374.91000000015,813866.4800000002
148,2020-08-12,314631.7,0.0,0.0,0.0,505374.91000000015,820006.6100000001
149,2020-08-13,313855.08,0.0,71039.659,71039.659,576414.5690000001,890269.6490000002
150,2020-08-14,323084.29,74213.085,0.0,-74213.085,502201.4840000001,825285.7740000001
151,2020-08-17,327504.66,0.0,0.0,0.0,502201.4840000001,829706.1440000001
152,2020-08-18,473309.86,141614.972,0.0,-141614.972,360586.5120000001,833896.3720000001
153,2020-08-19,475628.67,0.0,0.0,0.0,360586.5120000001,836215.182
154,2020-08-20,471241.75,0.0,0.0,0.0,360586.5120000001,831828.2620000001
155,2020-08-21,470704.38,0.0,41869.645,41869.645,402456.1570000001,873160.5370000001
156,2020-08-24,436529.47,0.0,0.0,0.0,402456.1570000001,838985.6270000001
157,2020-08-25,443253.9,0.0,0.0,0.0,402456.1570000001,845710.0570000001
158,2020-08-26,441401.83,0.0,65312.168,65312.168,467768.32500000007,909170.155
159,2020-08-27,375555.48,0.0,162099.109,162099.109,629867.4340000001,1005422.9140000001
160,2020-08-28,218049.36,0.0,0.0,0.0,629867.4340000001,847916.7940000001
161,2020-08-31,213092.16,0.0,0.0,0.0,629867.4340000001,842959.5940000002
162,2020-09-01,475410.48,251557.801,0.0,-251557.801,378309.63300000003,853720.113
163,2020-09-02,476978.97,0.0,0.0,0.0,378309.63300000003,855288.603
164,2020-09-03,474665.43,0.0,0.0,0.0,378309.63300000003,852975.0630000001
165,2020-09-04,462125.27,0.0,0.0,0.0,378309.63300000003,840434.903
166,2020-09-07,461778.2,0.0,0.0,0.0,378309.63300000003,840087.8330000001
167,2020-09-08,452166.5,0.0,0.0,0.0,378309.63300000003,830476.133
168,2020-09-09,531793.8,73592.086,0.0,-73592.086,304717.547,836511.3470000001
169,2020-09-10,526985.84,0.0,0.0,0.0,304717.547,831703.387
170,2020-09-11,528061.68,0.0,0.0,0.0,304717.547,832779.2270000001
171,2020-09-14,526671.62,0.0,0.0,0.0,304717.547,831389.167
172,2020-09-15,537854.46,0.0,128506.115,128506.115,433223.662,971078.122
173,2020-09-16,415808.52,0.0,0.0,0.0,433223.662,849032.182
174,2020-09-17,426462.5,0.0,0.0,0.0,433223.662,859686.162
175,2020-09-18,441959.22,0.0,154985.246,154985.246,588208.908,1030168.128
176,2020-09-21,268280.88,0.0,192352.951,192352.951,780561.859,1048842.739
177,2020-09-22,239871.17,163966.21,0.0,-163966.21,616595.6490000001,856466.8190000001
178,2020-09-23,328530.43,85215.228,0.0,-85215.228,531380.4210000001,859910.851
179,2020-09-24,437402.14,124590.004,0.0,-124590.004,406790.41700000013,844192.5570000001
180,2020-09-25,618376.14,162713.818,0.0,-162713.818,244076.59900000016,862452.7390000002
181,2020-09-28,639419.67,0.0,0.0,0.0,244076.59900000016,883496.2690000002
182,2020-09-29,637850.8,0.0,0.0,0.0,244076.59900000016,881927.3990000002
183,2020-09-30,632385.93,0.0,0.0,0.0,244076.59900000016,876462.5290000002
184,2020-10-01,638916.09,0.0,0.0,0.0,244076.59900000016,882992.6890000001
185,2020-10-05,638927.35,0.0,0.0,0.0,244076.59900000016,883003.9490000001
186,2020-10-06,643322.42,0.0,0.0,0.0,244076.59900000016,887399.0190000002
187,2020-10-07,635820.17,0.0,0.0,0.0,244076.59900000016,879896.7690000002
188,2020-10-08,633683.67,0.0,0.0,0.0,244076.59900000016,877760.2690000002
189,2020-10-09,640705.65,0.0,0.0,0.0,244076.59900000016,884782.2490000002
190,2020-10-12,633806.96,0.0,0.0,0.0,244076.59900000016,877883.5590000001
191,2020-10-13,628766.65,0.0,49046.737,49046.737,293123.3360000001,921889.9860000001
192,2020-10-14,579340.89,0.0,0.0,0.0,293123.3360000001,872464.2260000001
193,2020-10-15,574146.99,0.0,0.0,0.0,293123.3360000001,867270.3260000001
194,2020-10-16,573039.93,0.0,81711.825,81711.825,374835.1610000001,947875.0910000001
195,2020-10-19,500983.52,0.0,0.0,0.0,374835.1610000001,875818.6810000001
196,2020-10-20,607168.1,101573.236,0.0,-101573.236,273261.92500000005,880430.025
197,2020-10-21,616799.83,0.0,0.0,0.0,273261.92500000005,890061.755
198,2020-10-22,617608.98,0.0,0.0,0.0,273261.92500000005,890870.905
199,2020-10-23,635775.86,0.0,0.0,0.0,273261.92500000005,909037.785
200,2020-10-26,622515.59,0.0,167935.539,167935.539,441197.46400000004,1063713.054
201,2020-10-27,449030.66,0.0,0.0,0.0,441197.46400000004,890228.1240000001
202,2020-10-28,443726.93,0.0,0.0,0.0,441197.46400000004,884924.3940000001
203,2020-10-29,439331.67,0.0,0.0,0.0,441197.46400000004,880529.1340000001
204,2020-10-30,444213.32,0.0,0.0,0.0,441197.46400000004,885410.784
205,2020-11-02,442231.93,0.0,0.0,0.0,441197.46400000004,883429.3940000001
206,2020-11-03,437645.11,0.0,0.0,0.0,441197.46400000004,878842.574
207,2020-11-04,437791.57,0.0,90727.713,90727.713,531925.177,969716.747
208,2020-11-05,354452.5,0.0,0.0,0.0,531925.177,886377.677
209,2020-11-06,359366.18,0.0,0.0,0.0,531925.177,891291.3570000001
210,2020-11-09,363949.25,0.0,0.0,0.0,531925.177,895874.427
211,2020-11-10,371300.58,0.0,0.0,0.0,531925.177,903225.757
212,2020-11-11,490895.23,119892.876,105088.711,-14804.165000000008,517121.012,1008016.242
213,2020-11-12,391512.94,0.0,0.0,0.0,517121.012,908633.952
214,2020-11-13,387522.92,0.0,85169.831,85169.831,602290.843,989813.763
215,2020-11-14,307666.96,0.0,0.0,0.0,602290.843,909957.8030000001
216,2020-11-17,307017.14,0.0,0.0,0.0,602290.843,909307.983
217,2020-11-18,309706.08,0.0,0.0,0.0,602290.843,911996.923
218,2020-11-19,307213.72,0.0,70652.096,70652.096,672942.939,980156.659
219,2020-11-20,244486.02,0.0,0.0,0.0,672942.939,917428.959
220,2020-11-23,247639.12,0.0,83350.254,83350.254,756293.193,1003932.313
221,2020-11-24,167729.22,0.0,0.0,0.0,756293.193,924022.413
222,2020-11-25,164081.6,0.0,0.0,0.0,756293.193,920374.793
223,2020-11-26,165602.62,0.0,0.0,0.0,756293.193,921895.813
224,2020-11-27,163770.94,0.0,0.0,0.0,756293.193,920064.1329999999
225,2020-12-01,163806.78,0.0,0.0,0.0,756293.193,920099.973
226,2020-12-02,164309.82,0.0,0.0,0.0,756293.193,920603.013
227,2020-12-03,167919.94,0.0,0.0,0.0,756293.193,924213.1329999999
228,2020-12-04,171090.26,0.0,0.0,0.0,756293.193,927383.453
229,2020-12-07,182981.5,0.0,0.0,0.0,756293.193,939274.693
230,2020-12-08,186165.9,0.0,185889.813,185889.813,942183.006,1128348.906
231,2020-12-11,137402.16,139674.721,0.0,-139674.721,802508.285,939910.4450000001
232,2020-12-14,137766.3,0.0,0.0,0.0,802508.285,940274.585
233,2020-12-15,138407.88,0.0,0.0,0.0,802508.285,940916.165
234,2020-12-16,138211.36,0.0,0.0,0.0,802508.285,940719.645
235,2020-12-17,137933.92,0.0,0.0,0.0,802508.285,940442.2050000001
236,2020-12-18,140332.62,0.0,0.0,0.0,802508.285,942840.905
237,2020-12-21,131587.48,0.0,0.0,0.0,802508.285,934095.765
238,2020-12-22,409381.06,274947.732,0.0,-274947.732,527560.5530000001,936941.6130000001
239,2020-12-23,559419.89,142939.926,0.0,-142939.926,384620.627,944040.517
240,2020-12-24,563884.22,0.0,0.0,0.0,384620.627,948504.847
241,2020-12-28,574820.36,0.0,0.0,0.0,384620.627,959440.987
242,2020-12-29,577007.04,0.0,0.0,0.0,384620.627,961627.667
243,2020-12-30,585216.79,0.0,0.0,0.0,384620.627,969837.417
244,2020-12-31,582727.38,0.0,0.0,0.0,384620.627,967348.007
245,2021-01-01,587335.32,0.0,0.0,0.0,384620.627,971955.9469999999
246,2021-01-04,596380.08,0.0,0.0,0.0,384620.627,981000.7069999999
247,2021-01-05,598139.16,0.0,0.0,0.0,384620.627,982759.787
248,2021-01-06,598756.67,0.0,130079.838,130079.838,514700.46499999997,1113457.135
249,2021-01-07,470162.11,0.0,0.0,0.0,514700.46499999997,984862.575
250,2021-01-08,477302.95,0.0,0.0,0.0,514700.46499999997,992003.415
251,2021-01-11,483027.65,0.0,0.0,0.0,514700.46499999997,997728.115
252,2021-01-12,484495.49,0.0,0.0,0.0,514700.46499999997,999195.955
253,2021-01-13,486399.37,0.0,0.0,0.0,514700.46499999997,1001099.835
254,2021-01-14,485558.01,0.0,134696.179,134696.179,649396.644,1134954.654
255,2021-01-15,346311.39,0.0,0.0,0.0,649396.644,995708.034
256,2021-01-18,406450.94,66850.158,0.0,-66850.158,582546.486,988997.426
257,2021-01-19,560076.91,141082.818,0.0,-141082.818,441463.66799999995,1001540.578
258,2021-01-20,558019.04,0.0,0.0,0.0,441463.66799999995,999482.708
259,2021-01-21,550020.17,0.0,0.0,0.0,441463.66799999995,991483.838
260,2021-01-22,548471.97,0.0,43035.4,43035.4,484499.06799999997,1032971.038
261,2021-01-25,502492.66,0.0,0.0,0.0,484499.06799999997,986991.7279999999
262,2021-01-27,659028.27,162887.075,0.0,-162887.075,321611.993,980640.263
263,2021-01-28,751686.26,96248.91,0.0,-96248.91,225363.08299999998,977049.343
264,2021-01-29,752902.37,0.0,0.0,0.0,225363.08299999998,978265.453
265,2021-02-01,788430.64,0.0,0.0,0.0,225363.08299999998,1013793.723
266,2021-02-02,796863.17,0.0,0.0,0.0,225363.08299999998,1022226.253
267,2021-02-03,795427.81,0.0,0.0,0.0,225363.08299999998,1020790.893
268,2021-02-04,809449.21,0.0,0.0,0.0,225363.08299999998,1034812.293
269,2021-02-05,809515.95,0.0,0.0,0.0,225363.08299999998,1034879.0329999999
270,2021-02-08,812613.98,0.0,0.0,0.0,225363.08299999998,1037977.063
271,2021-02-09,799739.77,0.0,0.0,0.0,225363.08299999998,1025102.853
272,2021-02-10,796023.87,0.0,55552.715,55552.715,280915.79799999995,1076939.668
273,2021-02-11,744009.76,0.0,0.0,0.0,280915.79799999995,1024925.558
274,2021-02-12,740080.26,0.0,0.0,0.0,280915.79799999995,1020996.058
275,2021-02-15,744809.55,0.0,0.0,0.0,280915.79799999995,1025725.348
276,2021-02-16,785438.9,0.0,0.0,0.0,280915.79799999995,1066354.6979999999
277,2021-02-17,881299.09,33922.039,246878.288,212956.249,493872.04699999996,1375171.1369999999
278,2021-02-18,667241.78,66162.75,145571.972,79409.22200000001,573281.269,1240523.049
279,2021-02-19,505735.44,0.0,0.0,0.0,573281.269,1079016.709
280,2021-02-22,490475.41,0.0,38738.981,38738.981,612020.25,1102495.66
281,2021-02-23,582518.14,132220.213,0.0,-132220.213,479800.037,1062318.1770000001
282,2021-02-24,594130.83,0.0,55532.276,55532.276,535332.3130000001,1129463.1430000002
283,2021-02-25,548703.28,0.0,0.0,0.0,535332.3130000001,1084035.593
284,2021-02-26,527874.06,0.0,0.0,0.0,535332.3130000001,1063206.3730000001
285,2021-03-01,533371.4,0.0,0.0,0.0,535332.3130000001,1068703.713
286,2021-03-02,540366.5,0.0,0.0,0.0,535332.3130000001,1075698.813
287,2021-03-03,550304.64,0.0,0.0,0.0,535332.3130000001,1085636.9530000002
288,2021-03-04,550796.72,0.0,0.0,0.0,535332.3130000001,1086129.033
289,2021-03-05,543447.46,0.0,0.0,0.0,535332.3130000001,1078779.773
290,2021-03-08,541838.9,0.0,0.0,0.0,535332.3130000001,1077171.213
291,2021-03-09,546418.72,0.0,0.0,0.0,535332.3130000001,1081751.033
292,2021-03-10,551745.16,0.0,0.0,0.0,535332.3130000001,1087077.4730000002
293,2021-03-12,545240.2,0.0,0.0,0.0,535332.3130000001,1080572.513
294,2021-03-15,536182.28,0.0,0.0,0.0,535332.3130000001,1071514.593
295,2021-03-16,645357.17,111165.277,0.0,-111165.277,424167.0360000001,1069524.2060000002
296,2021-03-17,631912.55,0.0,0.0,0.0,424167.0360000001,1056079.5860000001
297,2021-03-18,785671.11,169630.711,0.0,-169630.711,254536.32500000007,1040207.435
298,2021-03-19,845895.39,55023.45,0.0,-55023.45,199512.87500000012,1045408.2650000001
299,2021-03-22,857591.57,0.0,0.0,0.0,199512.87500000012,1057104.445
300,2021-03-23,868401.17,0.0,0.0,0.0,199512.87500000012,1067914.0450000002
301,2021-03-24,862590.5,0.0,0.0,0.0,199512.87500000012,1062103.375
302,2021-03-25,843335.67,0.0,0.0,0.0,199512.87500000012,1042848.5450000002
303,2021-03-26,851984.08,0.0,0.0,0.0,199512.87500000012,1051496.955
304,2021-03-30,868620.72,0.0,0.0,0.0,199512.87500000012,1068133.5950000002
305,2021-03-31,876102.71,0.0,0.0,0.0,199512.87500000012,1075615.585
306,2021-04-01,891322.84,0.0,0.0,0.0,199512.87500000012,1090835.715
307,2021-04-05,878515.26,0.0,0.0,0.0,199512.87500000012,1078028.1350000002
308,2021-04-06,888110.73,0.0,0.0,0.0,199512.87500000012,1087623.605
309,2021-04-07,894522.32,0.0,0.0,0.0,199512.87500000012,1094035.195
310,2021-04-08,905749.63,0.0,0.0,0.0,199512.87500000012,1105262.5050000001
311,2021-04-09,915116.85,0.0,0.0,0.0,199512.87500000012,1114629.725
312,2021-04-12,890467.95,0.0,188227.786,188227.786,387740.6610000001,1278208.611
313,2021-04-13,777885.28,63660.337,139225.477,75565.14000000001,463305.8010000001,1241191.0810000002
314,2021-04-15,632390.88,0.0,0.0,0.0,463305.8010000001,1095696.681
315,2021-04-16,637354.07,0.0,0.0,0.0,463305.8010000001,1100659.871
316,2021-04-19,622756.21,0.0,0.0,0.0,463305.8010000001,1086062.011
317,2021-04-20,632974.63,0.0,0.0,0.0,463305.8010000001,1096280.431
318,2021-04-22,639115.75,0.0,0.0,0.0,463305.8010000001,1102421.551
319,2021-04-23,644763.74,0.0,0.0,0.0,463305.8010000001,1108069.5410000002
320,2021-04-26,650843.54,0.0,0.0,0.0,463305.8010000001,1114149.341
321,2021-04-27,653997.07,0.0,0.0,0.0,463305.8010000001,1117302.871
322,2021-04-28,664578.57,0.0,54535.317,54535.317,517841.1180000001,1182419.688
323,2021-04-29,623716.36,0.0,0.0,0.0,517841.1180000001,1141557.4780000001
324,2021-04-30,617393.58,0.0,184199.15,184199.15,702040.268,1319433.848
325,2021-05-03,432995.19,0.0,0.0,0.0,702040.268,1135035.458
326,2021-05-04,428870.76,0.0,0.0,0.0,702040.268,1130911.028
327,2021-05-05,432044.86,0.0,36233.586,36233.586,738273.854,1170318.7140000002
328,2021-05-06,398946.13,0.0,0.0,0.0,738273.854,1137219.9840000002
329,2021-05-07,398220.08,0.0,0.0,0.0,738273.854,1136493.9340000001
330,2021-05-10,405200.41,0.0,0.0,0.0,738273.854,1143474.264
331,2021-05-11,407480.33,0.0,0.0,0.0,738273.854,1145754.1840000001
332,2021-05-12,409504.36,0.0,0.0,0.0,738273.854,1147778.2140000002
333,2021-05-14,409389.01,0.0,128659.794,128659.794,866933.648,1276322.658
334,2021-05-17,284337.47,0.0,0.0,0.0,866933.648,1151271.118
335,2021-05-18,292191.15,0.0,0.0,0.0,866933.648,1159124.798
336,2021-05-19,292534.21,0.0,0.0,0.0,866933.648,1159467.858
337,2021-05-20,292592.86,0.0,0.0,0.0,866933.648,1159526.508
338,2021-05-21,293917.22,0.0,0.0,0.0,866933.648,1160850.868
339,2021-05-24,296780.03,0.0,0.0,0.0,866933.648,1163713.678
340,2021-05-25,294930.96,0.0,0.0,0.0,866933.648,1161864.608
341,2021-05-26,294009.39,0.0,0.0,0.0,866933.648,1160943.0380000002
342,2021-05-27,300726.08,0.0,0.0,0.0,866933.648,1167659.7280000001
343,2021-05-28,296427.92,0.0,0.0,0.0,866933.648,1163361.568
344,2021-05-31,296891.2,0.0,0.0,0.0,866933.648,1163824.848
345,2021-06-01,363465.76,66027.749,0.0,-66027.749,800905.899,1164371.659
346,2021-06-02,493826.97,113864.446,0.0,-113864.446,687041.453,1180868.423
347,2021-06-03,497510.05,0.0,0.0,0.0,687041.453,1184551.503
348,2021-06-04,512715.31,0.0,0.0,0.0,687041.453,1199756.763
349,2021-06-07,514748.15,0.0,145773.085,145773.085,832814.5380000001,1347562.688
350,2021-06-08,480355.58,102855.928,0.0,-102855.928,729958.6100000001,1210314.1900000002
351,2021-06-09,478532.66,0.0,0.0,0.0,729958.6100000001,1208491.27
352,2021-06-10,483950.56,0.0,0.0,0.0,729958.6100000001,1213909.1700000002
353,2021-06-11,500445.93,0.0,0.0,0.0,729958.6100000001,1230404.54
354,2021-06-14,515034.53,0.0,0.0,0.0,729958.6100000001,1244993.1400000001
355,2021-06-15,506243.92,0.0,141279.897,141279.897,871238.507,1377482.427
356,2021-06-16,370600.47,0.0,0.0,0.0,871238.507,1241838.977
357,2021-06-17,370463.59,0.0,0.0,0.0,871238.507,1241702.097
358,2021-06-18,425389.31,50895.622,0.0,-50895.622,820342.885,1245732.195
359,2021-06-21,587202.0,151516.192,0.0,-151516.192,668826.693,1256028.693
360,2021-06-22,593749.17,0.0,0.0,0.0,668826.693,1262575.863
361,2021-06-23,592774.46,0.0,0.0,0.0,668826.693,1261601.153
362,2021-06-24,705886.46,111742.243,0.0,-111742.243,557084.45,1262970.91
363,2021-06-25,710149.51,0.0,0.0,0.0,557084.45,1267233.96
364,2021-06-28,699889.89,0.0,0.0,0.0,557084.45,1256974.3399999999
365,2021-06-29,699820.46,0.0,0.0,0.0,557084.45,1256904.91
366,2021-06-30,865348.97,169361.829,0.0,-169361.829,387722.62100000004,1253071.591
367,2021-07-01,865168.2,0.0,0.0,0.0,387722.62100000004,1252890.821
368,2021-07-02,866193.88,0.0,0.0,0.0,387722.62100000004,1253916.5010000002
369,2021-07-05,884695.4,0.0,53544.396,53544.396,441267.017,1325962.417
370,2021-07-06,833673.71,0.0,96876.497,96876.497,538143.514,1371817.224
371,2021-07-07,748921.14,0.0,0.0,0.0,538143.514,1287064.654
372,2021-07-08,746141.9,0.0,0.0,0.0,538143.514,1284285.4139999999
373,2021-07-09,750201.01,0.0,0.0,0.0,538143.514,1288344.524
374,2021-07-12,872695.94,125638.785,0.0,-125638.785,412504.72899999993,1285200.6689999998
375,2021-07-13,872587.3,0.0,209245.191,209245.191,621749.9199999999,1494337.22
376,2021-07-14,664935.36,0.0,0.0,0.0,621749.9199999999,1286685.2799999998
377,2021-07-15,662735.93,0.0,0.0,0.0,621749.9199999999,1284485.85
378,2021-07-16,660806.9,0.0,0.0,0.0,621749.9199999999,1282556.8199999998
379,2021-07-19,655374.1,0.0,0.0,0.0,621749.9199999999,1277124.02
380,2021-07-20,646979.5,0.0,0.0,0.0,621749.9199999999,1268729.42
381,2021-07-22,770505.03,124820.86,0.0,-124820.86,496929.05999999994,1267434.0899999999
382,2021-07-23,774819.07,0.0,0.0,0.0,496929.05999999994,1271748.13
383,2021-07-26,849023.64,70086.777,0.0,-70086.777,426842.28299999994,1275865.923
384,2021-07-27,921346.44,72592.953,23125.727,-49467.225999999995,377375.0569999999,1298721.497
385,2021-07-28,890463.29,0.0,114060.738,114060.738,491435.7949999999,1381899.085
386,2021-07-29,782089.34,0.0,0.0,0.0,491435.7949999999,1273525.1349999998
387,2021-07-30,787081.12,0.0,0.0,0.0,491435.7949999999,1278516.915
388,2021-08-02,793032.57,0.0,0.0,0.0,491435.7949999999,1284468.3649999998
389,2021-08-03,788807.62,0.0,0.0,0.0,491435.7949999999,1280243.415
390,2021-08-04,778422.9,0.0,0.0,0.0,491435.7949999999,1269858.6949999998
391,2021-08-05,836724.71,63409.656,0.0,-63409.656,428026.13899999997,1264750.849
392,2021-08-06,991074.47,153556.048,0.0,-153556.048,274470.091,1265544.561
393,2021-08-09,971776.55,0.0,0.0,0.0,274470.091,1246246.641
394,2021-08-10,1053383.24,109832.913,0.0,-109832.913,164637.17800000007,1218020.418
395,2021-08-11,1045385.26,0.0,0.0,0.0,164637.17800000007,1210022.438
396,2021-08-12,1070399.05,0.0,131571.055,131571.055,296208.233,1366607.283
397,2021-08-13,924957.67,0.0,43475.453,43475.453,339683.686,1264641.3560000001
398,2021-08-16,876407.64,0.0,0.0,0.0,339683.686,1216091.326
399,2021-08-17,864104.09,0.0,57432.75,57432.75,397116.436,1261220.526
400,2021-08-18,802506.0,0.0,100652.985,100652.985,497769.421,1300275.421
401,2021-08-20,771833.77,89989.293,0.0,-89989.293,407780.128,1179613.898
402,2021-08-23,836968.54,79179.588,68035.085,-11144.502999999997,396635.625,1233604.165
403,2021-08-24,788759.99,0.0,36511.655,36511.655,433147.28,1221907.27
404,2021-08-25,764740.34,0.0,0.0,0.0,433147.28,1197887.62
405,2021-08-26,767582.81,0.0,0.0,0.0,433147.28,1200730.09
406,2021-08-27,772830.59,0.0,130589.473,130589.473,563736.753,1336567.3429999999
407,2021-08-30,648432.58,0.0,0.0,0.0,563736.753,1212169.333
408,2021-08-31,646468.61,0.0,0.0,0.0,563736.753,1210205.363
409,2021-09-01,652492.93,0.0,200273.773,200273.773,764010.5260000001,1416503.4560000002
410,2021-09-02,453036.25,0.0,130208.522,130208.522,894219.048,1347255.298
411,2021-09-03,325665.78,0.0,0.0,0.0,894219.048,1219884.828
412,2021-09-06,331185.73,0.0,0.0,0.0,894219.048,1225404.778
413,2021-09-07,327991.71,0.0,37655.513,37655.513,931874.561,1259866.271
414,2021-09-08,296749.78,0.0,0.0,0.0,931874.561,1228624.341
415,2021-09-09,296127.93,0.0,0.0,0.0,931874.561,1228002.491
416,2021-09-13,293976.93,0.0,0.0,0.0,931874.561,1225851.491
417,2021-09-14,300252.45,0.0,0.0,0.0,931874.561,1232127.011
418,2021-09-15,301804.75,0.0,96239.856,96239.856,1028114.417,1329919.167
419,2021-09-16,223331.0,0.0,0.0,0.0,1028114.417,1251445.417
420,2021-09-17,219871.09,0.0,149767.265,149767.265,1177881.682,1397752.772
421,2021-09-20,79246.07,0.0,47206.778,47206.778,1225088.46,1304334.53
422,2021-09-21,425257.65,398804.994,0.0,-398804.994,826283.466,1251541.116
423,2021-09-22,424115.56,0.0,0.0,0.0,826283.466,1250399.026
424,2021-09-23,423515.4,0.0,0.0,0.0,826283.466,1249798.866
425,2021-09-24,421729.71,0.0,0.0,0.0,826283.466,1248013.176
426,2021-09-27,423810.55,0.0,0.0,0.0,826283.466,1250094.016
427,2021-09-28,421327.96,0.0,0.0,0.0,826283.466,1247611.426
428,2021-09-29,427880.42,0.0,0.0,0.0,826283.466,1254163.886
429,2021-09-30,431800.25,0.0,0.0,0.0,826283.466,1258083.716
430,2021-10-01,449555.48,0.0,0.0,0.0,826283.466,1275838.946
431,2021-10-04,449260.33,0.0,423770.342,423770.342,1250053.808,1699314.138
432,2021-10-05,30663.6,0.0,0.0,0.0,1250053.808,1280717.408
433,2021-10-06,30315.15,0.0,0.0,0.0,1250053.808,1280368.9579999999
434,2021-10-07,30663.6,0.0,0.0,0.0,1250053.808,1280717.408
435,2021-10-08,32057.4,0.0,0.0,0.0,1250053.808,1282111.2079999999
436,2021-10-11,31012.05,0.0,0.0,0.0,1250053.808,1281065.858
437,2021-10-12,29618.25,0.0,0.0,0.0,1250053.808,1279672.058
438,2021-10-13,31012.05,0.0,0.0,0.0,1250053.808,1281065.858
439,2021-10-14,30663.6,0.0,0.0,0.0,1250053.808,1280717.408
440,2021-10-18,30663.6,0.0,0.0,0.0,1250053.808,1280717.408
441,2021-10-19,30315.15,0.0,0.0,0.0,1250053.808,1280368.9579999999
442,2021-10-20,28921.35,0.0,0.0,0.0,1250053.808,1278975.158
443,2021-10-21,29618.25,0.0,29227.304,29227.304,1279281.112,1308899.362
444,2021-10-22,69847.02,73499.468,0.0,-73499.468,1205781.644,1275628.664
445,2021-10-25,212648.78,147335.668,0.0,-147335.668,1058445.976,1271094.756
446,2021-10-26,214381.1,0.0,0.0,0.0,1058445.976,1272827.0760000001
447,2021-10-27,213571.89,0.0,0.0,0.0,1058445.976,1272017.866
448,2021-10-28,219993.77,0.0,0.0,0.0,1058445.976,1278439.746
449,2021-10-29,393669.68,171640.41,0.0,-171640.41,886805.566,1280475.246
450,2021-11-01,399277.95,0.0,0.0,0.0,886805.566,1286083.516
451,2021-11-02,466676.67,59644.207,0.0,-59644.207,827161.359,1293838.029
452,2021-11-03,470548.14,0.0,0.0,0.0,827161.359,1297709.499
453,2021-11-04,477666.72,0.0,0.0,0.0,827161.359,1304828.079
454,2021-11-08,485367.7,0.0,0.0,0.0,827161.359,1312529.0590000001
455,2021-11-09,485263.94,0.0,167454.833,167454.833,994616.192,1479880.132
456,2021-11-10,322887.59,0.0,0.0,0.0,994616.192,1317503.7820000001
457,2021-11-11,325192.18,0.0,0.0,0.0,994616.192,1319808.372
458,2021-11-12,411209.5,80414.747,0.0,-80414.747,914201.4450000001,1325410.945
459,2021-11-15,396577.87,0.0,88516.016,88516.016,1002717.461,1399295.331
460,2021-11-16,410044.84,89562.559,0.0,-89562.559,913154.902,1323199.742
461,2021-11-17,560688.63,151592.484,0.0,-151592.484,761562.4180000001,1322251.048
462,2021-11-18,552874.13,0.0,0.0,0.0,761562.4180000001,1314436.548
463,2021-11-22,540504.53,0.0,0.0,0.0,761562.4180000001,1302066.948
464,2021-11-23,842322.56,285581.071,0.0,-285581.071,475981.34700000007,1318303.9070000001
465,2021-11-24,868865.21,0.0,0.0,0.0,475981.34700000007,1344846.557
466,2021-11-25,868161.32,0.0,0.0,0.0,475981.34700000007,1344142.667
467,2021-11-26,840114.86,0.0,0.0,0.0,475981.34700000007,1316096.207
468,2021-11-29,889577.87,74039.087,0.0,-74039.087,401942.26,1291520.13
469,2021-11-30,1011497.92,122810.389,0.0,-122810.389,279131.87100000004,1290629.7910000002
470,2021-12-01,1021754.86,0.0,0.0,0.0,279131.87100000004,1300886.7310000001
471,2021-12-02,1041186.19,0.0,0.0,0.0,279131.87100000004,1320318.061
472,2021-12-03,1050424.33,0.0,0.0,0.0,279131.87100000004,1329556.2010000001
473,2021-12-06,1033552.34,0.0,0.0,0.0,279131.87100000004,1312684.2110000001
474,2021-12-07,1058259.93,0.0,0.0,0.0,279131.87100000004,1337391.801
475,2021-12-08,1077932.34,0.0,0.0,0.0,279131.87100000004,1357064.2110000001
476,2021-12-09,1103040.97,0.0,0.0,0.0,279131.87100000004,1382172.841
477,2021-12-10,1121878.57,0.0,153586.442,153586.442,432718.3130000001,1554596.8830000001
478,2021-12-13,960610.53,0.0,0.0,0.0,432718.3130000001,1393328.843
479,2021-12-14,949421.6,0.0,0.0,0.0,432718.3130000001,1382139.9130000002
480,2021-12-15,938226.87,0.0,0.0,0.0,432718.3130000001,1370945.1830000002
481,2021-12-16,930333.22,0.0,0.0,0.0,432718.3130000001,1363051.533
482,2021-12-17,907322.49,0.0,0.0,0.0,432718.3130000001,1340040.803
483,2021-12-20,868525.91,0.0,0.0,0.0,432718.3130000001,1301244.2230000002
484,2021-12-21,879863.93,0.0,374397.533,374397.533,807115.8460000001,1686979.776
485,2021-12-22,514254.63,0.0,0.0,0.0,807115.8460000001,1321370.4760000003
486,2021-12-23,514734.61,0.0,0.0,0.0,807115.8460000001,1321850.4560000002
487,2021-12-24,513104.05,0.0,0.0,0.0,807115.8460000001,1320219.8960000002
488,2021-12-27,520765.81,0.0,0.0,0.0,807115.8460000001,1327881.6560000002
489,2021-12-28,526921.54,0.0,0.0,0.0,807115.8460000001,1334037.3860000002
490,2021-12-29,525879.99,0.0,0.0,0.0,807115.8460000001,1332995.8360000001
491,2021-12-30,518912.23,0.0,0.0,0.0,807115.8460000001,1326028.0760000001
492,2021-12-31,521213.89,0.0,0.0,0.0,807115.8460000001,1328329.736
493,2022-01-03,530701.53,0.0,0.0,0.0,807115.8460000001,1337817.3760000002
494,2022-01-04,534518.33,0.0,0.0,0.0,807115.8460000001,1341634.176
495,2022-01-05,533117.33,0.0,0.0,0.0,807115.8460000001,1340233.176
496,2022-01-06,537441.48,0.0,0.0,0.0,807115.8460000001,1344557.3260000001
497,2022-01-07,531422.2,0.0,0.0,0.0,807115.8460000001,1338538.046
498,2022-01-10,546183.43,0.0,0.0,0.0,807115.8460000001,1353299.276
499,2022-01-11,552242.63,0.0,0.0,0.0,807115.8460000001,1359358.4760000003
500,2022-01-12,559527.99,0.0,0.0,0.0,807115.8460000001,1366643.8360000001
501,2022-01-13,561050.65,0.0,129510.0,129510.0,936625.8460000001,1497676.4960000003
502,2022-01-14,435365.61,0.0,0.0,0.0,936625.8460000001,1371991.4560000002
503,2022-01-17,432985.62,0.0,53773.087,53773.087,990398.9330000001,1423384.553
504,2022-01-18,372001.8,0.0,0.0,0.0,990398.9330000001,1362400.733
505,2022-01-19,371602.5,0.0,0.0,0.0,990398.9330000001,1362001.4330000002
506,2022-01-20,367293.15,0.0,0.0,0.0,990398.9330000001,1357692.083
507,2022-01-21,479224.08,118982.209,0.0,-118982.209,871416.724,1350640.804
508,2022-01-24,460075.05,0.0,0.0,0.0,871416.724,1331491.774
509,2022-01-25,821333.85,348410.288,0.0,-348410.288,523006.4360000001,1344340.286
510,2022-01-27,980529.76,153577.49,0.0,-153577.49,369428.9460000001,1349958.7060000002
511,2022-01-28,990759.41,0.0,0.0,0.0,369428.9460000001,1360188.3560000001
512,2022-01-31,999327.81,0.0,0.0,0.0,369428.9460000001,1368756.756
513,2022-02-01,1010380.15,0.0,0.0,0.0,369428.9460000001,1379809.0960000001
514,2022-02-02,1038770.18,0.0,0.0,0.0,369428.9460000001,1408199.1260000002
515,2022-02-03,1040295.12,0.0,0.0,0.0,369428.9460000001,1409724.066
516,2022-02-04,1038985.27,0.0,0.0,0.0,369428.9460000001,1408414.216
517,2022-02-07,1031604.58,0.0,0.0,0.0,369428.9460000001,1401033.526
518,2022-02-08,1018761.12,0.0,0.0,0.0,369428.9460000001,1388190.066
519,2022-02-09,1024850.98,0.0,0.0,0.0,369428.9460000001,1394279.926
520,2022-02-10,1021486.04,0.0,0.0,0.0,369428.9460000001,1390914.986
521,2022-02-11,1014073.71,0.0,0.0,0.0,369428.9460000001,1383502.656
522,2022-02-14,963401.86,0.0,87234.63,87234.63,456663.5760000001,1420065.4360000002
523,2022-02-15,1039197.44,137698.059,48788.234,-88909.82500000001,367753.75100000016,1406951.191
524,2022-02-16,995491.22,0.0,0.0,0.0,367753.75100000016,1363244.9710000001
525,2022-02-17,987761.06,0.0,0.0,0.0,367753.75100000016,1355514.8110000002
526,2022-02-18,974998.0,0.0,75568.673,75568.673,443322.4240000001,1418320.424
527,2022-02-21,885507.28,0.0,0.0,0.0,443322.4240000001,1328829.7040000001
528,2022-02-22,866399.25,0.0,29621.842,29621.842,472944.26600000006,1339343.516
529,2022-02-23,928307.95,79393.067,35275.794,-44117.272999999994,428826.993,1357134.943
530,2022-02-24,828070.03,0.0,0.0,0.0,428826.993,1256897.023
531,2022-02-25,964525.27,96118.445,170456.7,74338.255,503165.248,1467690.5180000002
532,2022-02-28,798597.61,0.0,0.0,0.0,503165.248,1301762.858
533,2022-03-02,805418.33,0.0,0.0,0.0,503165.248,1308583.578
534,2022-03-03,817102.01,0.0,0.0,0.0,503165.248,1320267.258
535,2022-03-04,804300.12,0.0,60511.789,60511.789,563677.037,1367977.1570000001
536,2022-03-07,728071.54,0.0,0.0,0.0,563677.037,1291748.577
537,2022-03-08,748700.98,0.0,47918.663,47918.663,611595.7,1360296.68
538,2022-03-09,720086.28,0.0,51197.491,51197.491,662793.191,1382879.471
539,2022-03-10,674987.6,0.0,0.0,0.0,662793.191,1337780.791
540,2022-03-11,681186.81,0.0,0.0,0.0,662793.191,1343980.0010000002
541,2022-03-14,681908.42,0.0,0.0,0.0,662793.191,1344701.611
542,2022-03-15,672641.38,0.0,42392.126,42392.126,705185.317,1377826.6970000002
543,2022-03-16,637858.2,0.0,0.0,0.0,705185.317,1343043.517
544,2022-03-17,641901.12,0.0,0.0,0.0,705185.317,1347086.437
545,2022-03-21,632800.33,0.0,27204.491,27204.491,732389.808,1365190.1379999998
546,2022-03-22,606380.5,0.0,0.0,0.0,732389.808,1338770.308
547,2022-03-23,597442.47,0.0,0.0,0.0,732389.808,1329832.278
548,2022-03-24,598823.93,0.0,0.0,0.0,732389.808,1331213.738
549,2022-03-25,598946.79,0.0,0.0,0.0,732389.808,1331336.598
550,2022-03-28,588800.16,0.0,0.0,0.0,732389.808,1321189.9679999999
551,2022-03-29,595311.81,0.0,0.0,0.0,732389.808,1327701.618
552,2022-03-30,600258.02,0.0,0.0,0.0,732389.808,1332647.828
553,2022-03-31,600314.45,0.0,0.0,0.0,732389.808,1332704.258
554,2022-04-01,615360.73,0.0,0.0,0.0,732389.808,1347750.538
555,2022-04-04,627148.09,0.0,0.0,0.0,732389.808,1359537.898
556,2022-04-05,636225.88,0.0,202763.783,202763.783,935153.591,1571379.471
557,2022-04-06,435501.68,0.0,90287.692,90287.692,1025441.2829999999,1460942.963
558,2022-04-07,347937.13,0.0,143753.798,143753.798,1169195.081,1517132.2110000001
559,2022-04-08,208376.78,0.0,0.0,0.0,1169195.081,1377571.861
560,2022-04-11,202813.87,0.0,0.0,0.0,1169195.081,1372008.951
561,2022-04-12,199283.45,0.0,0.0,0.0,1169195.081,1368478.531
562,2022-04-13,199323.67,0.0,0.0,0.0,1169195.081,1368518.751
563,2022-04-18,194756.27,0.0,0.0,0.0,1169195.081,1363951.351
564,2022-04-19,189255.1,0.0,0.0,0.0,1169195.081,1358450.181
565,2022-04-20,282949.56,94815.254,108497.322,13682.068,1182877.149,1465826.709
566,2022-04-21,174678.78,0.0,0.0,0.0,1182877.149,1357555.929
567,2022-04-22,171517.11,0.0,0.0,0.0,1182877.149,1354394.259
568,2022-04-25,171538.83,0.0,0.0,0.0,1182877.149,1354415.979
569,2022-04-26,169077.1,0.0,0.0,0.0,1182877.149,1351954.249
570,2022-04-27,219579.03,52427.428,0.0,-52427.428,1130449.721,1350028.751
571,2022-04-28,374274.84,154616.947,0.0,-154616.947,975832.774,1350107.614
572,2022-04-29,370256.07,0.0,0.0,0.0,975832.774,1346088.844
573,2022-05-02,365335.51,0.0,0.0,0.0,975832.774,1341168.284
574,2022-05-04,417956.66,54108.206,0.0,-54108.206,921724.568,1339681.228
575,2022-05-05,588604.84,163290.937,83831.274,-79459.663,842264.905,1430869.745
576,2022-05-06,564813.93,76689.811,0.0,-76689.811,765575.094,1330389.0240000002
577,2022-05-09,615970.44,72511.966,0.0,-72511.966,693063.128,1309033.568
578,2022-05-10,759153.6,166539.659,56154.216,-110385.44300000001,582677.6849999999,1341831.285
579,2022-05-11,846960.38,158583.012,0.0,-158583.012,424094.67299999995,1271055.0529999998
580,2022-05-12,884081.81,56994.761,58601.397,1606.6359999999986,425701.3089999999,1309783.119
581,2022-05-13,956347.3,108511.104,112021.404,3510.2999999999884,429211.60899999994,1385558.909
582,2022-05-16,861035.72,0.0,0.0,0.0,429211.60899999994,1290247.329
583,2022-05-17,897112.32,0.0,0.0,0.0,429211.60899999994,1326323.929
584,2022-05-18,904691.79,0.0,0.0,0.0,429211.60899999994,1333903.399
585,2022-05-19,881138.81,0.0,0.0,0.0,429211.60899999994,1310350.419
586,2022-05-20,916479.81,0.0,0.0,0.0,429211.60899999994,1345691.419
587,2022-05-23,907340.33,0.0,0.0,0.0,429211.60899999994,1336551.9389999998
588,2022-05-24,896396.7,0.0,0.0,0.0,429211.60899999994,1325608.309
589,2022-05-25,847522.67,0.0,0.0,0.0,429211.60899999994,1276734.279
590,2022-05-26,843713.07,0.0,42243.782,42243.782,471455.39099999995,1315168.461
591,2022-05-27,800956.66,0.0,0.0,0.0,471455.39099999995,1272412.051
592,2022-05-30,810060.89,0.0,58994.008,58994.008,530449.399,1340510.2889999999
593,2022-05-31,752213.01,0.0,0.0,0.0,530449.399,1282662.409
594,2022-06-01,758645.97,0.0,0.0,0.0,530449.399,1289095.369
595,2022-06-02,767238.48,0.0,0.0,0.0,530449.399,1297687.879
596,2022-06-03,755899.85,0.0,0.0,0.0,530449.399,1286349.2489999998
597,2022-06-06,754522.7,0.0,62178.239,62178.239,592627.638,1347150.338
598,2022-06-07,691170.09,0.0,0.0,0.0,592627.638,1283797.7280000001
599,2022-06-08,692127.47,0.0,0.0,0.0,592627.638,1284755.108
600,2022-06-09,693966.09,0.0,0.0,0.0,592627.638,1286593.7280000001
601,2022-06-10,689619.28,0.0,62331.259,62331.259,654958.897,1344578.1770000001
602,2022-06-13,600626.99,0.0,0.0,0.0,654958.897,1255585.887
603,2022-06-14,676634.43,80257.609,0.0,-80257.609,574701.288,1251335.7179999999
604,2022-06-15,678745.23,0.0,0.0,0.0,574701.288,1253446.518
605,2022-06-16,651756.28,0.0,66555.98,66555.98,641257.2679999999,1293013.548
606,2022-06-17,830342.87,253289.612,0.0,-253289.612,387967.65599999996,1218310.526
607,2022-06-20,868674.18,71223.365,0.0,-71223.365,316744.29099999997,1185418.471
608,2022-06-21,906441.08,0.0,49353.511,49353.511,366097.8019999999,1272538.8819999998
609,2022-06-22,848440.23,0.0,0.0,0.0,366097.8019999999,1214538.032
610,2022-06-23,858700.93,0.0,0.0,0.0,366097.8019999999,1224798.7319999998
611,2022-06-24,879276.98,0.0,0.0,0.0,366097.8019999999,1245374.782
612,2022-06-27,886138.38,0.0,62115.402,62115.402,428213.2039999999,1314351.5839999998
613,2022-06-28,824515.88,0.0,0.0,0.0,428213.2039999999,1252729.0839999998
614,2022-06-29,818357.5,0.0,0.0,0.0,428213.2039999999,1246570.704
615,2022-06-30,810120.33,0.0,0.0,0.0,428213.2039999999,1238333.534
616,2022-07-01,808271.78,0.0,0.0,0.0,428213.2039999999,1236484.984
617,2022-07-04,817798.43,0.0,0.0,0.0,428213.2039999999,1246011.634
618,2022-07-05,823055.08,0.0,0.0,0.0,428213.2039999999,1251268.284
619,2022-07-06,814952.76,0.0,0.0,0.0,428213.2039999999,1243165.964
620,2022-07-07,822476.77,0.0,0.0,0.0,428213.2039999999,1250689.974
621,2022-07-08,832134.36,0.0,0.0,0.0,428213.2039999999,1260347.5639999998
622,2022-07-11,835356.04,0.0,51894.512,51894.512,480107.7159999999,1315463.756
623,2022-07-12,784818.13,0.0,0.0,0.0,480107.7159999999,1264925.846
624,2022-07-13,782801.79,0.0,0.0,0.0,480107.7159999999,1262909.506
625,2022-07-14,875978.9,96211.065,0.0,-96211.065,383896.65099999984,1259875.551
626,2022-07-15,880873.44,0.0,0.0,0.0,383896.65099999984,1264770.0909999998
627,2022-07-18,891116.28,0.0,0.0,0.0,383896.65099999984,1275012.9309999999
628,2022-07-19,885223.29,0.0,0.0,0.0,383896.65099999984,1269119.9409999999
629,2022-07-20,889394.78,0.0,0.0,0.0,383896.65099999984,1273291.4309999999
630,2022-07-21,897403.26,0.0,0.0,0.0,383896.65099999984,1281299.9109999998
631,2022-07-22,895349.67,0.0,0.0,0.0,383896.65099999984,1279246.321
632,2022-07-25,892909.0,0.0,0.0,0.0,383896.65099999984,1276805.6509999998
633,2022-07-26,882003.31,0.0,113318.578,113318.578,497215.2289999998,1379218.5389999999
634,2022-07-27,774538.88,0.0,0.0,0.0,497215.2289999998,1271754.1089999997
635,2022-07-28,779668.71,0.0,0.0,0.0,497215.2289999998,1276883.9389999998
636,2022-07-29,791913.05,0.0,60580.61,60580.61,557795.8389999998,1349708.889
637,2022-08-01,739367.43,0.0,107165.497,107165.497,664961.3359999998,1404328.7659999998
638,2022-08-02,694061.22,53192.919,0.0,-53192.919,611768.4169999998,1305829.6369999996
639,2022-08-03,685228.73,0.0,221847.651,221847.651,833616.0679999997,1518844.7979999997
640,2022-08-04,474723.29,0.0,142160.066,142160.066,975776.1339999998,1450499.4239999999
641,2022-08-05,343010.87,0.0,0.0,0.0,975776.1339999998,1318787.0039999997
642,2022-08-08,342004.08,0.0,0.0,0.0,975776.1339999998,1317780.214
643,2022-08-10,335125.38,0.0,99411.708,99411.708,1075187.8419999997,1410313.2219999996
644,2022-08-11,235255.98,0.0,0.0,0.0,1075187.8419999997,1310443.8219999997
645,2022-08-12,235308.37,0.0,0.0,0.0,1075187.8419999997,1310496.2119999998
646,2022-08-16,238279.55,0.0,0.0,0.0,1075187.8419999997,1313467.3919999998
647,2022-08-17,235980.47,0.0,0.0,0.0,1075187.8419999997,1311168.3119999997
648,2022-08-18,235424.79,0.0,30497.56,30497.56,1105685.4019999998,1341110.1919999998
649,2022-08-19,201611.9,0.0,0.0,0.0,1105685.4019999998,1307297.3019999997
650,2022-08-22,199696.89,0.0,0.0,0.0,1105685.4019999998,1305382.292
651,2022-08-23,202221.57,0.0,0.0,0.0,1105685.4019999998,1307906.9719999998
652,2022-08-24,203026.95,0.0,0.0,0.0,1105685.4019999998,1308712.3519999997
653,2022-08-25,203806.47,0.0,0.0,0.0,1105685.4019999998,1309491.8719999997
654,2022-08-26,203133.17,0.0,0.0,0.0,1105685.4019999998,1308818.5719999997
655,2022-08-29,199099.97,0.0,0.0,0.0,1105685.4019999998,1304785.3719999997
656,2022-08-30,205072.51,0.0,0.0,0.0,1105685.4019999998,1310757.9119999998
657,2022-09-01,212629.01,0.0,0.0,0.0,1105685.4019999998,1318314.4119999998
658,2022-09-02,212933.27,0.0,50908.548,50908.548,1156593.9499999997,1369527.2199999997
659,2022-09-05,165527.83,0.0,0.0,0.0,1156593.9499999997,1322121.7799999998
660,2022-09-06,170798.51,0.0,0.0,0.0,1156593.9499999997,1327392.4599999997
661,2022-09-07,168963.04,0.0,44111.471,44111.471,1200705.4209999999,1369668.461
662,2022-09-08,122011.41,0.0,0.0,0.0,1200705.4209999999,1322716.8309999998
663,2022-09-09,122325.8,0.0,0.0,0.0,1200705.4209999999,1323031.221
664,2022-09-12,122083.04,0.0,0.0,0.0,1200705.4209999999,1322788.461
665,2022-09-13,124186.91,0.0,0.0,0.0,1200705.4209999999,1324892.3309999998
666,2022-09-14,122022.02,0.0,0.0,0.0,1200705.4209999999,1322727.4409999999
667,2022-09-15,121108.04,0.0,0.0,0.0,1200705.4209999999,1321813.461
668,2022-09-16,125440.46,0.0,0.0,0.0,1200705.4209999999,1326145.8809999998
669,2022-09-19,124170.97,0.0,0.0,0.0,1200705.4209999999,1324876.3909999998
670,2022-09-20,123784.95,0.0,0.0,0.0,1200705.4209999999,1324490.3709999998
671,2022-09-21,124457.49,0.0,0.0,0.0,1200705.4209999999,1325162.9109999998
672,2022-09-22,121743.42,0.0,0.0,0.0,1200705.4209999999,1322448.8409999998
673,2022-09-23,116843.24,0.0,0.0,0.0,1200705.4209999999,1317548.6609999998
674,2022-09-26,231802.56,120599.59,0.0,-120599.59,1080105.8309999998,1311908.3909999998
675,2022-09-27,404840.54,170650.115,40119.392,-130530.723,949575.1079999998,1354415.6479999998
676,2022-09-28,393888.35,29676.52,0.0,-29676.52,919898.5879999998,1313786.9379999996
677,2022-09-29,475051.73,84259.242,0.0,-84259.242,835639.3459999998,1310691.076
678,2022-09-30,487369.95,0.0,0.0,0.0,835639.3459999998,1323009.2959999999
679,2022-10-03,483724.05,0.0,0.0,0.0,835639.3459999998,1319363.3959999997
680,2022-10-04,498934.69,0.0,0.0,0.0,835639.3459999998,1334574.0359999998
681,2022-10-06,500309.73,0.0,0.0,0.0,835639.3459999998,1335949.076
682,2022-10-07,503746.66,0.0,0.0,0.0,835639.3459999998,1339386.0059999998
683,2022-10-10,502935.13,0.0,0.0,0.0,835639.3459999998,1338574.4759999998
684,2022-10-11,500546.74,0.0,0.0,0.0,835639.3459999998,1336186.0859999997
685,2022-10-12,506693.53,0.0,0.0,0.0,835639.3459999998,1342332.8759999997
686,2022-10-13,512321.09,0.0,0.0,0.0,835639.3459999998,1347960.4359999998
687,2022-10-14,515157.26,0.0,42977.034,42977.034,878616.3799999998,1393773.6399999997
688,2022-10-17,653065.1,164535.21,97209.12,-67326.09,811290.2899999998,1464355.3899999997
689,2022-10-18,557755.0,0.0,0.0,0.0,811290.2899999998,1369045.2899999998
690,2022-10-19,558725.05,0.0,0.0,0.0,811290.2899999998,1370015.3399999999
691,2022-10-20,558917.51,0.0,0.0,0.0,811290.2899999998,1370207.7999999998
692,2022-10-21,549090.8,0.0,0.0,0.0,811290.2899999998,1360381.0899999999
693,2022-10-24,554811.81,0.0,0.0,0.0,811290.2899999998,1366102.0999999999
694,2022-10-25,550841.66,0.0,0.0,0.0,811290.2899999998,1362131.9499999997
695,2022-10-27,551659.41,0.0,0.0,0.0,811290.2899999998,1362949.6999999997
696,2022-10-28,552790.61,0.0,0.0,0.0,811290.2899999998,1364080.9
697,2022-10-31,558315.92,0.0,137039.966,137039.966,948330.2559999998,1506646.176
698,2022-11-01,512306.05,80355.774,0.0,-80355.774,867974.4819999998,1380280.532
699,2022-11-02,508505.19,0.0,0.0,0.0,867974.4819999998,1376479.6719999998
700,2022-11-03,503895.77,0.0,0.0,0.0,867974.4819999998,1371870.2519999999
701,2022-11-04,504259.23,0.0,0.0,0.0,867974.4819999998,1372233.7119999998
702,2022-11-07,516354.06,0.0,0.0,0.0,867974.4819999998,1384328.542
703,2022-11-09,515692.31,0.0,0.0,0.0,867974.4819999998,1383666.792
704,2022-11-10,510257.22,0.0,0.0,0.0,867974.4819999998,1378231.7019999998
705,2022-11-11,498886.78,0.0,0.0,0.0,867974.4819999998,1366861.2619999999
706,2022-11-14,501477.89,0.0,0.0,0.0,867974.4819999998,1369452.372
707,2022-11-15,502954.32,0.0,0.0,0.0,867974.4819999998,1370928.802
708,2022-11-16,502588.58,0.0,0.0,0.0,867974.4819999998,1370563.062
709,2022-11-17,504966.06,0.0,0.0,0.0,867974.4819999998,1372940.542
710,2022-11-18,501733.96,0.0,0.0,0.0,867974.4819999998,1369708.4419999998
711,2022-11-21,515480.51,0.0,0.0,0.0,867974.4819999998,1383454.9919999999
712,2022-11-22,535560.72,0.0,90477.908,90477.908,958452.3899999998,1494013.1099999999
713,2022-11-23,498089.19,74651.362,0.0,-74651.362,883801.0279999998,1381890.2179999999
714,2022-11-24,497771.69,0.0,0.0,0.0,883801.0279999998,1381572.7179999999
715,2022-11-25,506759.98,0.0,0.0,0.0,883801.0279999998,1390561.008
716,2022-11-28,510110.01,0.0,0.0,0.0,883801.0279999998,1393911.0379999997
717,2022-11-29,507220.77,0.0,0.0,0.0,883801.0279999998,1391021.798
718,2022-11-30,517228.96,0.0,0.0,0.0,883801.0279999998,1401029.988
719,2022-12-01,529624.56,0.0,0.0,0.0,883801.0279999998,1413425.588
720,2022-12-02,544293.06,0.0,106363.81,106363.81,990164.8379999998,1534457.8979999998
721,2022-12-05,428624.82,0.0,0.0,0.0,990164.8379999998,1418789.6579999998
722,2022-12-06,429783.95,0.0,0.0,0.0,990164.8379999998,1419948.7879999997
723,2022-12-07,425798.99,0.0,0.0,0.0,990164.8379999998,1415963.8279999997
724,2022-12-08,424339.87,0.0,0.0,0.0,990164.8379999998,1414504.7079999996
725,2022-12-09,429841.73,0.0,0.0,0.0,990164.8379999998,1420006.5679999997
726,2022-12-12,516827.39,82675.243,0.0,-82675.243,907489.5949999997,1424316.9849999999
727,2022-12-13,515813.2,0.0,0.0,0.0,907489.5949999997,1423302.7949999997
728,2022-12-14,519598.79,0.0,0.0,0.0,907489.5949999997,1427088.3849999998
729,2022-12-15,511642.95,0.0,0.0,0.0,907489.5949999997,1419132.5449999997
730,2022-12-16,510696.72,0.0,0.0,0.0,907489.5949999997,1418186.3149999997
731,2022-12-19,512813.63,0.0,0.0,0.0,907489.5949999997,1420303.2249999996
732,2022-12-20,593602.7,80665.355,0.0,-80665.355,826824.2399999998,1420426.9399999997
733,2022-12-21,566860.19,0.0,0.0,0.0,826824.2399999998,1393684.4299999997
734,2022-12-22,548508.23,0.0,0.0,0.0,826824.2399999998,1375332.4699999997
735,2022-12-23,638214.08,138266.878,56075.788,-82191.09,744633.1499999998,1382847.2299999997
736,2022-12-26,898621.65,250510.179,144515.256,-105994.92300000001,638638.2269999997,1537259.8769999999
737,2022-12-27,812587.56,58912.06,0.0,-58912.06,579726.1669999998,1392313.727
738,2022-12-28,820409.94,0.0,0.0,0.0,579726.1669999998,1400136.1069999998
739,2022-12-29,818237.26,0.0,0.0,0.0,579726.1669999998,1397963.4269999997
740,2022-12-30,821987.55,0.0,0.0,0.0,579726.1669999998,1401713.7169999997
741,2023-01-02,828818.86,0.0,0.0,0.0,579726.1669999998,1408545.0269999998
742,2023-01-03,837861.83,0.0,0.0,0.0,579726.1669999998,1417587.9969999997
743,2023-01-04,828514.87,0.0,0.0,0.0,579726.1669999998,1408241.0369999998
744,2023-01-05,828380.31,0.0,0.0,0.0,579726.1669999998,1408106.477
745,2023-01-06,823361.31,0.0,0.0,0.0,579726.1669999998,1403087.477
746,2023-01-09,832952.15,0.0,0.0,0.0,579726.1669999998,1412678.3169999998
747,2023-01-10,826355.97,0.0,0.0,0.0,579726.1669999998,1406082.1369999996
748,2023-01-11,830491.79,0.0,0.0,0.0,579726.1669999998,1410217.957
749,2023-01-12,828421.8,0.0,0.0,0.0,579726.1669999998,1408147.9669999997
750,2023-01-13,921450.58,87311.83,0.0,-87311.83,492414.33699999977,1413864.9169999997
751,2023-01-16,1052529.17,129988.689,0.0,-129988.689,362425.6479999998,1414954.8179999997
752,2023-01-17,1047796.83,0.0,0.0,0.0,362425.6479999998,1410222.4779999997
753,2023-01-18,1056216.09,0.0,113279.673,113279.673,475705.32099999976,1531921.4109999998
754,2023-01-19,932728.21,0.0,0.0,0.0,475705.32099999976,1408433.5309999997
755,2023-01-20,937505.1,0.0,0.0,0.0,475705.32099999976,1413210.4209999996
756,2023-01-23,935529.71,0.0,0.0,0.0,475705.32099999976,1411235.0309999997
757,2023-01-24,930224.74,0.0,0.0,0.0,475705.32099999976,1405930.0609999998
758,2023-01-25,912806.37,0.0,0.0,0.0,475705.32099999976,1388511.6909999996
759,2023-01-27,888707.53,0.0,0.0,0.0,475705.32099999976,1364412.8509999998
760,2023-01-30,1047007.17,150288.937,27316.821,-122972.11600000001,352733.2049999997,1399740.3749999998
761,2023-01-31,1045495.97,0.0,0.0,0.0,352733.2049999997,1398229.1749999998
762,2023-02-01,1022712.29,0.0,0.0,0.0,352733.2049999997,1375445.4949999996
763,2023-02-02,1021193.68,0.0,129602.054,129602.054,482335.2589999997,1503528.9389999998
764,2023-02-03,999318.16,122992.069,0.0,-122992.069,359343.1899999997,1358661.3499999996
765,2023-02-06,1011728.95,0.0,90702.002,90702.002,450045.1919999997,1461774.1419999995
766,2023-02-07,922490.77,0.0,0.0,0.0,450045.1919999997,1372535.9619999998
767,2023-02-08,954580.95,0.0,95646.363,95646.363,545691.5549999997,1500272.5049999997
768,2023-02-09,841291.77,0.0,0.0,0.0,545691.5549999997,1386983.3249999997
769,2023-02-10,843751.24,0.0,0.0,0.0,545691.5549999997,1389442.7949999997
770,2023-02-13,828699.35,0.0,0.0,0.0,545691.5549999997,1374390.9049999998
771,2023-02-14,828996.42,0.0,0.0,0.0,545691.5549999997,1374687.9749999996
772,2023-02-15,832900.41,0.0,71769.458,71769.458,617461.0129999997,1450361.4229999997
773,2023-02-16,765872.84,0.0,0.0,0.0,617461.0129999997,1383333.8529999997
774,2023-02-17,762300.69,0.0,0.0,0.0,617461.0129999997,1379761.7029999997
775,2023-02-20,757837.17,0.0,0.0,0.0,617461.0129999997,1375298.1829999997
776,2023-02-21,754895.7,0.0,0.0,0.0,617461.0129999997,1372356.7129999995
777,2023-02-22,739977.59,0.0,0.0,0.0,617461.0129999997,1357438.6029999997
778,2023-02-23,737437.8,0.0,0.0,0.0,617461.0129999997,1354898.8129999996
779,2023-02-24,734687.56,0.0,0.0,0.0,617461.0129999997,1352148.5729999999
780,2023-02-27,728042.85,0.0,0.0,0.0,617461.0129999997,1345503.8629999997
781,2023-02-28,733996.08,0.0,0.0,0.0,617461.0129999997,1351457.0929999996
782,2023-03-01,752060.67,0.0,0.0,0.0,617461.0129999997,1369521.6829999997
783,2023-03-02,748861.02,0.0,0.0,0.0,617461.0129999997,1366322.0329999998
784,2023-03-03,756963.38,0.0,0.0,0.0,617461.0129999997,1374424.3929999997
785,2023-03-06,767154.27,0.0,32208.144,32208.144,649669.1569999997,1416823.4269999997
786,2023-03-08,741099.87,0.0,27537.654,27537.654,677206.8109999996,1418306.6809999996
787,2023-03-09,708050.94,0.0,0.0,0.0,677206.8109999996,1385257.7509999997
788,2023-03-10,708533.92,0.0,30245.43,30245.43,707452.2409999997,1415986.1609999998
789,2023-03-13,657591.71,0.0,40159.712,40159.712,747611.9529999996,1405203.6629999997
790,2023-03-14,614908.37,0.0,116857.81,116857.81,864469.7629999996,1479378.1329999994
791,2023-03-15,501665.73,0.0,65772.187,65772.187,930241.9499999996,1431907.6799999997
792,2023-03-16,435444.69,0.0,36670.03,36670.03,966911.9799999996,1402356.6699999997
793,2023-03-17,401805.44,0.0,0.0,0.0,966911.9799999996,1368717.4199999997
794,2023-03-20,395357.93,0.0,0.0,0.0,966911.9799999996,1362269.9099999997
795,2023-03-21,402949.93,0.0,24749.083,24749.083,991661.0629999996,1394610.9929999996
796,2023-03-22,381144.86,0.0,0.0,0.0,991661.0629999996,1372805.9229999995
797,2023-03-23,380401.38,0.0,0.0,0.0,991661.0629999996,1372062.4429999995
798,2023-03-24,374283.41,0.0,0.0,0.0,991661.0629999996,1365944.4729999995
799,2023-03-27,373375.59,0.0,0.0,0.0,991661.0629999996,1365036.6529999997
800,2023-03-28,369757.72,0.0,0.0,0.0,991661.0629999996,1361418.7829999996
801,2023-03-29,442811.48,62840.73,0.0,-62840.73,928820.3329999996,1371631.8129999996
802,2023-03-31,450628.11,0.0,0.0,0.0,928820.3329999996,1379448.4429999995
803,2023-04-03,462354.57,0.0,0.0,0.0,928820.3329999996,1391174.9029999997
804,2023-04-05,465808.47,0.0,67647.477,67647.477,996467.8099999996,1462276.2799999996
805,2023-04-06,398603.96,0.0,106281.413,106281.413,1102749.2229999995,1501353.1829999995
806,2023-04-10,293831.35,0.0,0.0,0.0,1102749.2229999995,1396580.5729999994
807,2023-04-11,296090.48,0.0,0.0,0.0,1102749.2229999995,1398839.7029999995
808,2023-04-12,297050.99,0.0,0.0,0.0,1102749.2229999995,1399800.2129999995
809,2023-04-13,299690.78,0.0,0.0,0.0,1102749.2229999995,1402440.0029999996
810,2023-04-17,301163.02,0.0,0.0,0.0,1102749.2229999995,1403912.2429999996
811,2023-04-18,299563.44,0.0,0.0,0.0,1102749.2229999995,1402312.6629999995
812,2023-04-19,300165.83,0.0,0.0,0.0,1102749.2229999995,1402915.0529999996
813,2023-04-20,302926.36,0.0,0.0,0.0,1102749.2229999995,1405675.5829999996
814,2023-04-21,295926.7,0.0,33441.839,33441.839,1136191.0619999997,1432117.7619999996
815,2023-04-24,275459.1,0.0,0.0,0.0,1136191.0619999997,1411650.1619999995
816,2023-04-25,271395.22,0.0,0.0,0.0,1136191.0619999997,1407586.2819999997
817,2023-04-26,276230.97,0.0,0.0,0.0,1136191.0619999997,1412422.0319999997
818,2023-04-27,275561.95,0.0,0.0,0.0,1136191.0619999997,1411753.0119999996
819,2023-04-28,278782.03,0.0,0.0,0.0,1136191.0619999997,1414973.0919999997
820,2023-05-02,283286.91,0.0,0.0,0.0,1136191.0619999997,1419477.9719999996
821,2023-05-03,280701.74,0.0,0.0,0.0,1136191.0619999997,1416892.8019999997
822,2023-05-04,329454.76,42627.791,39870.85,-2756.940999999999,1133434.1209999996,1462888.8809999996
823,2023-05-05,282867.61,0.0,0.0,0.0,1133434.1209999996,1416301.7309999997
824,2023-05-08,281724.31,0.0,0.0,0.0,1133434.1209999996,1415158.4309999996
825,2023-05-09,279816.34,0.0,0.0,0.0,1133434.1209999996,1413250.4609999997
826,2023-05-10,389239.04,111630.147,0.0,-111630.147,1021803.9739999997,1411043.0139999997
827,2023-05-11,390822.23,0.0,0.0,0.0,1021803.9739999997,1412626.2039999997
828,2023-05-12,389368.55,0.0,29635.283,29635.283,1051439.2569999998,1440807.8069999998
829,2023-05-15,358752.38,0.0,30649.971,30649.971,1082089.2279999997,1440841.6079999995
830,2023-05-16,328496.0,0.0,0.0,0.0,1082089.2279999997,1410585.2279999997
831,2023-05-17,418731.56,90265.186,0.0,-90265.186,991824.0419999997,1410555.6019999997
832,2023-05-18,415558.14,0.0,0.0,0.0,991824.0419999997,1407382.1819999996
833,2023-05-19,423430.4,0.0,0.0,0.0,991824.0419999997,1415254.4419999998
834,2023-05-22,428217.72,0.0,0.0,0.0,991824.0419999997,1420041.7619999996
835,2023-05-23,430734.35,0.0,116909.639,116909.639,1108733.6809999996,1539468.0309999995
836,2023-05-24,315031.15,0.0,0.0,0.0,1108733.6809999996,1423764.8309999998
837,2023-05-25,316032.82,0.0,0.0,0.0,1108733.6809999996,1424766.5009999997
838,2023-05-26,317739.55,0.0,0.0,0.0,1108733.6809999996,1426473.2309999997
839,2023-05-29,319501.01,0.0,0.0,0.0,1108733.6809999996,1428234.6909999996
840,2023-05-30,451570.71,137003.854,0.0,-137003.854,971729.8269999996,1423300.5369999995
841,2023-05-31,448861.91,0.0,0.0,0.0,971729.8269999996,1420591.7369999995
842,2023-06-01,448777.33,0.0,123607.375,123607.375,1095337.2019999996,1544114.5319999997
843,2023-06-02,328890.89,0.0,0.0,0.0,1095337.2019999996,1424228.0919999997
844,2023-06-05,333191.87,0.0,0.0,0.0,1095337.2019999996,1428529.0719999997
845,2023-06-06,335664.09,0.0,0.0,0.0,1095337.2019999996,1431001.2919999997
846,2023-06-07,343962.64,0.0,0.0,0.0,1095337.2019999996,1439299.8419999997
847,2023-06-08,340941.53,0.0,0.0,0.0,1095337.2019999996,1436278.7319999996
848,2023-06-09,501963.89,161881.117,0.0,-161881.117,933456.0849999996,1435419.9749999996
849,2023-06-12,502110.75,0.0,0.0,0.0,933456.0849999996,1435566.8349999995
850,2023-06-13,501441.17,0.0,0.0,0.0,933456.0849999996,1434897.2549999997
851,2023-06-14,505699.73,0.0,0.0,0.0,933456.0849999996,1439155.8149999995
852,2023-06-15,502932.38,0.0,0.0,0.0,933456.0849999996,1436388.4649999996
853,2023-06-16,503061.24,0.0,0.0,0.0,933456.0849999996,1436517.3249999997
854,2023-06-19,499623.62,0.0,0.0,0.0,933456.0849999996,1433079.7049999996
855,2023-06-20,504747.28,0.0,0.0,0.0,933456.0849999996,1438203.3649999998
856,2023-06-21,505315.69,0.0,0.0,0.0,933456.0849999996,1438771.7749999997
857,2023-06-22,503538.17,0.0,0.0,0.0,933456.0849999996,1436994.2549999997
858,2023-06-23,495694.59,0.0,0.0,0.0,933456.0849999996,1429150.6749999996
859,2023-06-26,694603.03,196438.148,0.0,-196438.148,737017.9369999997,1431620.9669999997
860,2023-06-27,805412.57,107141.82,151309.479,44167.658999999985,781185.5959999997,1586598.1659999997
861,2023-06-28,702483.87,46105.801,0.0,-46105.801,735079.7949999997,1437563.6649999996
862,2023-06-30,710963.64,0.0,0.0,0.0,735079.7949999997,1446043.4349999996
863,2023-07-03,714069.46,0.0,0.0,0.0,735079.7949999997,1449149.2549999997
864,2023-07-04,711040.43,0.0,0.0,0.0,735079.7949999997,1446120.2249999996
865,2023-07-05,715833.3,0.0,0.0,0.0,735079.7949999997,1450913.0949999997
866,2023-07-06,719562.75,0.0,0.0,0.0,735079.7949999997,1454642.5449999997
867,2023-07-07,720920.32,0.0,149999.647,149999.647,885079.4419999997,1605999.7619999996
868,2023-07-10,566315.85,0.0,0.0,0.0,885079.4419999997,1451395.2919999997
869,2023-07-11,565905.13,0.0,0.0,0.0,885079.4419999997,1450984.5719999997
870,2023-07-12,564264.79,0.0,0.0,0.0,885079.4419999997,1449344.2319999998
871,2023-07-13,556323.4,0.0,0.0,0.0,885079.4419999997,1441402.8419999997
872,2023-07-14,726302.48,167586.351,0.0,-167586.351,717493.0909999997,1443795.5709999995
873,2023-07-17,737701.03,0.0,69314.808,69314.808,786807.8989999997,1524508.9289999998
874,2023-07-18,669792.03,0.0,0.0,0.0,786807.8989999997,1456599.9289999998
875,2023-07-19,669889.29,0.0,0.0,0.0,786807.8989999997,1456697.1889999998
876,2023-07-20,678516.65,0.0,0.0,0.0,786807.8989999997,1465324.5489999996
877,2023-07-21,693421.26,0.0,186364.119,186364.119,973172.0179999997,1666593.2779999997
878,2023-07-24,637908.52,133820.055,117258.006,-16562.049,956609.9689999997,1594518.4889999996
879,2023-07-25,572193.74,47771.574,0.0,-47771.574,908838.3949999997,1481032.1349999998
880,2023-07-26,575908.39,0.0,0.0,0.0,908838.3949999997,1484746.7849999997
881,2023-07-27,576226.18,0.0,0.0,0.0,908838.3949999997,1485064.5749999997
882,2023-07-28,578625.69,0.0,137425.269,137425.269,1046263.6639999996,1624889.3539999996
883,2023-07-31,443987.15,0.0,0.0,0.0,1046263.6639999996,1490250.8139999998
884,2023-08-01,447770.86,0.0,0.0,0.0,1046263.6639999996,1494034.5239999997
885,2023-08-02,440527.45,0.0,0.0,0.0,1046263.6639999996,1486791.1139999996
886,2023-08-03,448821.42,0.0,0.0,0.0,1046263.6639999996,1495085.0839999996
887,2023-08-04,452793.52,0.0,0.0,0.0,1046263.6639999996,1499057.1839999997
888,2023-08-07,521033.46,71600.406,0.0,-71600.406,974663.2579999997,1495696.7179999996
889,2023-08-08,616198.31,100503.517,0.0,-100503.517,874159.7409999997,1490358.0509999997
890,2023-08-09,633325.2,0.0,55518.876,55518.876,929678.6169999996,1563003.8169999996
891,2023-08-10,573259.8,0.0,99066.602,99066.602,1028745.2189999997,1602005.0189999999
892,2023-08-11,477056.34,0.0,0.0,0.0,1028745.2189999997,1505801.5589999997
893,2023-08-14,470114.61,0.0,0.0,0.0,1028745.2189999997,1498859.8289999997
894,2023-08-16,474965.53,0.0,0.0,0.0,1028745.2189999997,1503710.7489999998
895,2023-08-17,485819.86,0.0,0.0,0.0,1028745.2189999997,1514565.0789999997
896,2023-08-18,483013.47,0.0,74379.561,74379.561,1103124.7799999998,1586138.2499999998
897,2023-08-21,546681.59,128607.644,0.0,-128607.644,974517.1359999997,1521198.7259999998
898,2023-08-22,559685.0,0.0,0.0,0.0,974517.1359999997,1534202.1359999997
899,2023-08-23,559233.16,0.0,0.0,0.0,974517.1359999997,1533750.2959999996
900,2023-08-24,569012.26,0.0,0.0,0.0,974517.1359999997,1543529.3959999997
901,2023-08-25,562882.9,0.0,52301.456,52301.456,1026818.5919999997,1589701.4919999996
902,2023-08-28,512424.62,0.0,0.0,0.0,1026818.5919999997,1539243.2119999998
903,2023-08-29,520536.22,0.0,0.0,0.0,1026818.5919999997,1547354.8119999997
904,2023-08-30,521997.85,0.0,0.0,0.0,1026818.5919999997,1548816.4419999998
905,2023-08-31,519122.86,0.0,0.0,0.0,1026818.5919999997,1545941.4519999996
906,2023-09-01,517356.98,0.0,0.0,0.0,1026818.5919999997,1544175.5719999997
907,2023-09-04,517459.99,0.0,0.0,0.0,1026818.5919999997,1544278.5819999997
908,2023-09-05,516329.91,0.0,0.0,0.0,1026818.5919999997,1543148.5019999996
909,2023-09-06,516593.59,0.0,0.0,0.0,1026818.5919999997,1543412.1819999998
910,2023-09-07,588780.05,68419.034,95281.361,26862.327000000005,1053680.9189999998,1642460.9689999998
911,2023-09-08,507768.44,0.0,0.0,0.0,1053680.9189999998,1561449.3589999997
912,2023-09-11,523087.34,0.0,91865.177,91865.177,1145546.0959999997,1668633.4359999998
913,2023-09-12,412436.18,0.0,0.0,0.0,1145546.0959999997,1557982.2759999996
914,2023-09-13,754653.88,333378.669,0.0,-333378.669,812167.4269999997,1566821.3069999996
915,2023-09-14,759677.95,0.0,0.0,0.0,812167.4269999997,1571845.3769999996
916,2023-09-15,769015.55,0.0,0.0,0.0,812167.4269999997,1581182.9769999997
917,2023-09-18,779092.13,0.0,0.0,0.0,812167.4269999997,1591259.5569999996
918,2023-09-20,768290.6,0.0,153867.435,153867.435,966034.8619999997,1734325.4619999998
919,2023-09-21,617269.02,0.0,0.0,0.0,966034.8619999997,1583303.8819999998
920,2023-09-22,619958.68,0.0,0.0,0.0,966034.8619999997,1585993.542
921,2023-09-25,621505.56,0.0,0.0,0.0,966034.8619999997,1587540.4219999998
922,2023-09-26,620806.14,0.0,0.0,0.0,966034.8619999997,1586841.0019999999
923,2023-09-27,624446.66,0.0,0.0,0.0,966034.8619999997,1590481.5219999999
924,2023-09-28,621215.28,0.0,0.0,0.0,966034.8619999997,1587250.1419999998
925,2023-09-29,620547.57,0.0,0.0,0.0,966034.8619999997,1586582.4319999996
926,2023-10-03,622310.49,0.0,0.0,0.0,966034.8619999997,1588345.3519999997
927,2023-10-04,616914.23,0.0,107670.193,107670.193,1073705.0549999997,1690619.2849999997
928,2023-10-05,519477.79,0.0,0.0,0.0,1073705.0549999997,1593182.8449999997
929,2023-10-06,523235.06,0.0,0.0,0.0,1073705.0549999997,1596940.1149999998
930,2023-10-09,515506.43,0.0,74426.611,74426.611,1148131.6659999997,1663638.0959999997
931,2023-10-10,621181.51,169245.104,0.0,-169245.104,978886.5619999997,1600068.0719999997
932,2023-10-11,619413.78,0.0,0.0,0.0,978886.5619999997,1598300.3419999997
933,2023-10-12,621126.58,0.0,0.0,0.0,978886.5619999997,1600013.1419999995
934,2023-10-13,620548.14,0.0,0.0,0.0,978886.5619999997,1599434.7019999996
935,2023-10-16,615288.83,0.0,0.0,0.0,978886.5619999997,1594175.3919999995
936,2023-10-17,616746.13,0.0,0.0,0.0,978886.5619999997,1595632.6919999998
937,2023-10-18,610526.55,0.0,0.0,0.0,978886.5619999997,1589413.1119999997
938,2023-10-19,607597.81,0.0,0.0,0.0,978886.5619999997,1586484.3719999997
939,2023-10-20,736480.78,133449.668,0.0,-133449.668,845436.8939999996,1581917.6739999996
940,2023-10-23,866892.45,167645.94,0.0,-167645.94,677790.9539999997,1544683.4039999996
941,2023-10-25,1120818.49,270687.297,0.0,-270687.297,407103.65699999966,1527922.1469999996
942,2023-10-26,1285141.58,162804.015,0.0,-162804.015,244299.64199999964,1529441.2219999996
943,2023-10-27,1315378.64,0.0,81226.879,81226.879,325526.5209999996,1640905.1609999994
944,2023-10-30,1227753.12,0.0,0.0,0.0,325526.5209999996,1553279.6409999998
945,2023-10-31,1223594.37,0.0,0.0,0.0,325526.5209999996,1549120.8909999998
946,2023-11-01,1213339.75,0.0,0.0,0.0,325526.5209999996,1538866.2709999997
947,2023-11-02,1235973.54,0.0,0.0,0.0,325526.5209999996,1561500.0609999998
948,2023-11-03,1279993.84,27986.041,0.0,-27986.041,297540.47999999963,1577534.3199999998
949,2023-11-06,1291602.76,0.0,0.0,0.0,297540.47999999963,1589143.2399999998
950,2023-11-07,1292946.98,0.0,0.0,0.0,297540.47999999963,1590487.4599999995
951,2023-11-08,1301539.22,0.0,0.0,0.0,297540.47999999963,1599079.6999999997
952,2023-11-09,1291513.52,0.0,0.0,0.0,297540.47999999963,1589053.9999999995
953,2023-11-10,1307024.42,0.0,61113.138,61113.138,358653.61799999967,1665678.0379999997
954,2023-11-13,1259526.52,0.0,0.0,0.0,358653.61799999967,1618180.1379999998
955,2023-11-15,1267596.47,0.0,0.0,0.0,358653.61799999967,1626250.0879999995
956,2023-11-16,1269670.13,0.0,0.0,0.0,358653.61799999967,1628323.7479999997
957,2023-11-17,1278643.31,0.0,0.0,0.0,358653.61799999967,1637296.9279999998
958,2023-11-20,1271657.52,0.0,86458.83,86458.83,445112.4479999996,1716769.9679999996
959,2023-11-21,1193808.62,0.0,71780.042,71780.042,516892.48999999964,1710701.1099999999
960,2023-11-22,1122290.19,0.0,58702.366,58702.366,575594.8559999997,1697885.0459999996
961,2023-11-23,1069363.22,0.0,70682.86,70682.86,646277.7159999995,1715640.9359999995
962,2023-11-24,1010097.07,0.0,0.0,0.0,646277.7159999995,1656374.7859999994
963,2023-11-28,1035501.46,0.0,0.0,0.0,646277.7159999995,1681779.1759999995
964,2023-11-29,1034618.34,0.0,113343.972,113343.972,759621.6879999996,1794240.0279999995
965,2023-11-30,927603.17,0.0,0.0,0.0,759621.6879999996,1687224.8579999995
966,2023-12-01,922017.64,0.0,0.0,0.0,759621.6879999996,1681639.3279999997
967,2023-12-04,947481.39,0.0,0.0,0.0,759621.6879999996,1707103.0779999997
968,2023-12-05,973143.9,0.0,268907.344,268907.344,1028529.0319999997,2001672.9319999996
969,2023-12-06,685862.21,0.0,59421.439,59421.439,1087950.4709999997,1773812.6809999996
970,2023-12-07,831845.84,214735.603,0.0,-214735.603,873214.8679999996,1705060.7079999996
971,2023-12-08,841469.26,0.0,102310.409,102310.409,975525.2769999995,1816994.5369999995
972,2023-12-11,760473.46,0.0,271886.797,271886.797,1247412.0739999996,2007885.5339999995
973,2023-12-12,482796.64,0.0,0.0,0.0,1247412.0739999996,1730208.7139999997
974,2023-12-13,495606.51,0.0,0.0,0.0,1247412.0739999996,1743018.5839999996
975,2023-12-14,493247.43,0.0,0.0,0.0,1247412.0739999996,1740659.5039999995
976,2023-12-15,583283.8,79931.62,0.0,-79931.62,1167480.4539999997,1750764.2539999997
977,2023-12-18,597314.64,0.0,0.0,0.0,1167480.4539999997,1764795.0939999996
978,2023-12-19,605615.51,0.0,124862.763,124862.763,1292343.2169999997,1897958.7269999997
979,2023-12-20,454669.89,0.0,0.0,0.0,1292343.2169999997,1747013.1069999998
980,2023-12-21,577839.85,104126.974,0.0,-104126.974,1188216.2429999996,1766056.0929999994
981,2023-12-22,623163.88,36549.915,0.0,-36549.915,1151666.3279999995,1774830.2079999996
982,2023-12-26,633860.59,0.0,0.0,0.0,1151666.3279999995,1785526.9179999996
983,2023-12-27,627976.46,0.0,0.0,0.0,1151666.3279999995,1779642.7879999995
984,2023-12-28,623056.14,0.0,35467.684,35467.684,1187134.0119999996,1810190.1519999998
985,2023-12-29,588649.21,0.0,0.0,0.0,1187134.0119999996,1775783.2219999996
986,2024-01-01,591012.29,0.0,0.0,0.0,1187134.0119999996,1778146.3019999997
987,2024-01-02,626313.01,35107.809,53455.699,18347.89,1205481.9019999995,1831794.9119999995
988,2024-01-03,628654.55,47525.36,0.0,-47525.36,1157956.5419999997,1786611.0919999997
989,2024-01-04,629430.97,0.0,0.0,0.0,1157956.5419999997,1787387.5119999996
990,2024-01-05,628352.71,0.0,0.0,0.0,1157956.5419999997,1786309.2519999996
991,2024-01-08,626737.7,0.0,0.0,0.0,1157956.5419999997,1784694.2419999996
992,2024-01-09,636224.61,0.0,0.0,0.0,1157956.5419999997,1794181.1519999998
993,2024-01-10,646877.35,0.0,0.0,0.0,1157956.5419999997,1804833.8919999995
994,2024-01-11,639593.78,0.0,0.0,0.0,1157956.5419999997,1797550.3219999997
995,2024-01-12,633955.79,0.0,120710.017,120710.017,1278666.5589999997,1912622.3489999997
996,2024-01-15,515367.68,0.0,36175.333,36175.333,1314841.8919999995,1830209.5719999995
997,2024-01-16,474813.82,0.0,0.0,0.0,1314841.8919999995,1789655.7119999996
998,2024-01-17,476305.63,0.0,0.0,0.0,1314841.8919999995,1791147.5219999994
999,2024-01-18,476690.41,0.0,0.0,0.0,1314841.8919999995,1791532.3019999994
1000,2024-01-19,570410.55,90378.017,0.0,-90378.017,1224463.8749999995,1794874.4249999996
1001,2024-01-23,553430.14,0.0,0.0,0.0,1224463.8749999995,1777894.0149999997
1002,2024-01-24,701393.98,134062.7,37343.919,-96718.78100000002,1127745.0939999996,1829139.0739999996
1003,2024-01-25,673353.09,0.0,0.0,0.0,1127745.0939999996,1801098.1839999994
1004,2024-01-29,683535.59,0.0,0.0,0.0,1127745.0939999996,1811280.6839999994
1005,2024-01-30,686367.98,0.0,136534.594,136534.594,1264279.6879999996,1950647.6679999996
1006,2024-01-31,575843.52,0.0,0.0,0.0,1264279.6879999996,1840123.2079999996
1007,2024-02-01,574414.78,0.0,0.0,0.0,1264279.6879999996,1838694.4679999996
1008,2024-02-02,572810.38,0.0,0.0,0.0,1264279.6879999996,1837090.0679999995
1009,2024-02-05,579673.37,0.0,0.0,0.0,1264279.6879999996,1843953.0579999997
1010,2024-02-06,585491.16,0.0,0.0,0.0,1264279.6879999996,1849770.8479999998
1011,2024-02-07,635684.65,36168.189,0.0,-36168.189,1228111.4989999996,1863796.1489999997
1012,2024-02-08,696100.38,66129.048,0.0,-66129.048,1161982.4509999997,1858082.8309999998
1013,2024-02-09,684274.67,0.0,109034.066,109034.066,1271016.5169999995,1955291.1869999995
1014,2024-02-12,553286.59,0.0,50255.991,50255.991,1321272.5079999994,1874559.0979999993
1015,2024-02-13,845291.98,341613.022,0.0,-341613.022,979659.4859999996,1824951.4659999995
1016,2024-02-14,860289.22,0.0,0.0,0.0,979659.4859999996,1839948.7059999995
1017,2024-02-15,875285.17,0.0,0.0,0.0,979659.4859999996,1854944.6559999995
1018,2024-02-16,881148.19,0.0,25311.988,25311.988,1004971.4739999996,1886119.6639999994
1019,2024-02-19,862155.66,0.0,0.0,0.0,1004971.4739999996,1867127.1339999996
1020,2024-02-20,859044.87,0.0,0.0,0.0,1004971.4739999996,1864016.3439999996
1021,2024-02-21,839978.83,0.0,0.0,0.0,1004971.4739999996,1844950.3039999995
1022,2024-02-22,842359.38,0.0,56130.671,56130.671,1061102.1449999996,1903461.5249999994
1023,2024-02-23,793452.58,0.0,0.0,0.0,1061102.1449999996,1854554.7249999996
1024,2024-02-26,785330.2,0.0,0.0,0.0,1061102.1449999996,1846432.3449999995
1025,2024-02-27,777920.17,0.0,0.0,0.0,1061102.1449999996,1839022.3149999995
1026,2024-02-28,753489.82,0.0,0.0,0.0,1061102.1449999996,1814591.9649999994
1027,2024-02-29,762940.54,0.0,0.0,0.0,1061102.1449999996,1824042.6849999996
1028,2024-03-01,763485.93,0.0,0.0,0.0,1061102.1449999996,1824588.0749999997
1029,2024-03-04,760764.15,0.0,0.0,0.0,1061102.1449999996,1821866.2949999995
1030,2024-03-05,832988.43,86675.273,0.0,-86675.273,974426.8719999995,1807415.3019999997
1031,2024-03-06,841531.86,38714.003,0.0,-38714.003,935712.8689999996,1777244.7289999996
1032,2024-03-07,1014589.42,160186.63,60401.12,-99785.51000000001,835927.3589999996,1850516.7789999996
1033,2024-03-11,912870.46,0.0,0.0,0.0,835927.3589999996,1748797.8189999997
1034,2024-03-12,1061696.3,186131.817,27139.848,-158991.969,676935.3899999995,1738631.6899999995
1035,2024-03-13,1144682.29,206864.017,179223.467,-27640.54999999999,649294.8399999996,1793977.1299999997
1036,2024-03-14,1269823.32,211087.714,202085.793,-9001.921000000002,640292.9189999995,1910116.2389999996
1037,2024-03-15,1093085.97,40405.983,0.0,-40405.983,599886.9359999995,1692972.9059999995
1038,2024-03-18,1094553.1,0.0,0.0,0.0,599886.9359999995,1694440.0359999996
1039,2024-03-19,1078673.37,0.0,0.0,0.0,599886.9359999995,1678560.3059999996
1040,2024-03-20,1075298.96,0.0,0.0,0.0,599886.9359999995,1675185.8959999995
1041,2024-03-21,1103421.25,0.0,0.0,0.0,599886.9359999995,1703308.1859999995
1042,2024-03-22,1112587.34,0.0,0.0,0.0,599886.9359999995,1712474.2759999996
1043,2024-03-26,1102400.17,0.0,0.0,0.0,599886.9359999995,1702287.1059999994
1044,2024-03-27,1103774.97,0.0,0.0,0.0,599886.9359999995,1703661.9059999995
1045,2024-03-28,1100262.05,0.0,0.0,0.0,599886.9359999995,1700148.9859999996
1046,2024-04-01,1158201.61,0.0,0.0,0.0,599886.9359999995,1758088.5459999996
1047,2024-04-02,1188353.43,0.0,0.0,0.0,599886.9359999995,1788240.3659999995
1048,2024-04-03,1217870.53,0.0,118914.183,118914.183,718801.1189999995,1936671.6489999995
1049,2024-04-04,1107109.63,0.0,103494.854,103494.854,822295.9729999995,1929405.6029999994
1050,2024-04-05,1010612.55,0.0,75796.127,75796.127,898092.0999999995,1908704.6499999994
1051,2024-04-08,926333.09,0.0,12507.959,12507.959,910600.0589999995,1836933.1489999995
1052,2024-04-09,907950.23,0.0,0.0,0.0,910600.0589999995,1818550.2889999994
1053,2024-04-10,913007.78,0.0,52256.282,52256.282,962856.3409999995,1875864.1209999996
1054,2024-04-12,855159.43,0.0,14616.768,14616.768,977473.1089999995,1832632.5389999994
1055,2024-04-15,814665.41,0.0,39894.795,39894.795,1017367.9039999995,1832033.3139999995
1056,2024-04-16,787731.99,0.0,0.0,0.0,1017367.9039999995,1805099.8939999994
1057,2024-04-18,984138.86,202321.638,0.0,-202321.638,815046.2659999995,1799185.1259999995
1058,2024-04-19,986212.26,0.0,0.0,0.0,815046.2659999995,1801258.5259999996
1059,2024-04-22,1014674.52,0.0,0.0,0.0,815046.2659999995,1829720.7859999994
1060,2024-04-23,1034431.78,0.0,0.0,0.0,815046.2659999995,1849478.0459999996
1061,2024-04-24,1036855.46,0.0,0.0,0.0,815046.2659999995,1851901.7259999993
1062,2024-04-25,1034854.99,0.0,76801.411,76801.411,891847.6769999994,1926702.6669999994
1063,2024-04-26,1098062.52,138021.42,29371.325,-108650.09500000002,783197.5819999995,1881260.1019999995
1064,2024-04-29,1071686.42,0.0,222843.322,222843.322,1006040.9039999994,2077727.3239999993
1065,2024-04-30,848090.89,0.0,11532.365,11532.365,1017573.2689999995,1865664.1589999995
1066,2024-05-02,830777.14,0.0,30347.755,30347.755,1047921.0239999995,1878698.1639999994
1067,2024-05-03,789578.86,0.0,0.0,0.0,1047921.0239999995,1837499.8839999996
1068,2024-05-06,884662.75,100077.846,0.0,-100077.846,947843.1779999995,1832505.9279999994
1069,2024-05-07,869393.2,0.0,0.0,0.0,947843.1779999995,1817236.3779999996
1070,2024-05-08,978198.19,100577.987,0.0,-100577.987,847265.1909999994,1825463.3809999994
1071,2024-05-09,959467.6,0.0,0.0,0.0,847265.1909999994,1806732.7909999993
1072,2024-05-10,1173834.79,200512.532,0.0,-200512.532,646752.6589999995,1820587.4489999996
1073,2024-05-13,1164851.26,0.0,0.0,0.0,646752.6589999995,1811603.9189999995
1074,2024-05-14,1187761.33,0.0,0.0,0.0,646752.6589999995,1834513.9889999996
1075,2024-05-15,1193457.82,0.0,0.0,0.0,646752.6589999995,1840210.4789999996
1076,2024-05-16,1196938.9,0.0,0.0,0.0,646752.6589999995,1843691.5589999994
1077,2024-05-17,1201879.07,0.0,0.0,0.0,646752.6589999995,1848631.7289999996
1078,2024-05-21,1214321.16,0.0,0.0,0.0,646752.6589999995,1861073.8189999994
1079,2024-05-22,1221027.64,0.0,15041.775,15041.775,661794.4339999994,1882822.0739999993
1080,2024-05-23,1204957.2,0.0,0.0,0.0,661794.4339999994,1866751.6339999994
1081,2024-05-24,1200325.95,0.0,0.0,0.0,661794.4339999994,1862120.3839999994
1082,2024-05-27,1190982.91,0.0,0.0,0.0,661794.4339999994,1852777.3439999993
1083,2024-05-28,1176621.94,0.0,0.0,0.0,661794.4339999994,1838416.3739999994
1084,2024-05-29,1172376.61,0.0,0.0,0.0,661794.4339999994,1834171.0439999995
1085,2024-05-30,1304931.65,144859.74,0.0,-144859.74,516934.6939999995,1821866.3439999993
1086,2024-05-31,1310051.43,0.0,0.0,0.0,516934.6939999995,1826986.1239999994
1087,2024-06-03,1328601.63,0.0,0.0,0.0,516934.6939999995,1845536.3239999993
1088,2024-06-04,1242591.69,0.0,0.0,0.0,516934.6939999995,1759526.3839999994
1089,2024-06-05,1398512.38,114606.253,0.0,-114606.253,402328.4409999995,1800840.8209999995
1090,2024-06-06,1435124.44,0.0,0.0,0.0,402328.4409999995,1837452.8809999996
1091,2024-06-07,1459463.19,0.0,0.0,0.0,402328.4409999995,1861791.6309999996
1092,2024-06-10,1470362.07,0.0,0.0,0.0,402328.4409999995,1872690.5109999995
1093,2024-06-11,1483580.28,0.0,0.0,0.0,402328.4409999995,1885908.7209999994
1094,2024-06-12,1502026.09,0.0,8908.26,8908.26,411236.70099999954,1913262.7909999997
1095,2024-06-13,1504389.1,0.0,0.0,0.0,411236.70099999954,1915625.8009999995
1096,2024-06-14,1530463.41,0.0,124713.3,124713.3,535950.0009999995,2066413.4109999994
1097,2024-06-18,1404798.47,0.0,140574.246,140574.246,676524.2469999995,2081322.7169999995
1098,2024-06-19,1258875.48,0.0,14649.578,14649.578,691173.8249999995,1950049.3049999995
1099,2024-06-20,1248717.68,0.0,0.0,0.0,691173.8249999995,1939891.5049999994
1100,2024-06-21,1245619.2,0.0,0.0,0.0,691173.8249999995,1936793.0249999994
1101,2024-06-24,1240882.38,0.0,23732.048,23732.048,714905.8729999994,1955788.2529999993
1102,2024-06-25,1216677.84,0.0,13869.633,13869.633,728775.5059999995,1945453.3459999994
1103,2024-06-26,1197223.94,0.0,0.0,0.0,728775.5059999995,1925999.4459999995
1104,2024-06-27,1188951.96,0.0,0.0,0.0,728775.5059999995,1917727.4659999995
1105,2024-06-28,1189523.19,0.0,152667.548,152667.548,881443.0539999995,2070966.2439999995
1106,2024-07-01,1049347.86,0.0,0.0,0.0,881443.0539999995,1930790.9139999996
1107,2024-07-02,1045954.17,0.0,0.0,0.0,881443.0539999995,1927397.2239999995
1108,2024-07-03,1073223.94,0.0,0.0,0.0,881443.0539999995,1954666.9939999995
1109,2024-07-04,1074090.09,0.0,122209.75,122209.75,1003652.8039999995,2077742.8939999996
1110,2024-07-05,947669.93,0.0,27484.135,27484.135,1031136.9389999994,1978806.8689999995
1111,2024-07-08,920530.25,0.0,0.0,0.0,1031136.9389999994,1951667.1889999993
1112,2024-07-09,923989.19,0.0,0.0,0.0,1031136.9389999994,1955126.1289999993
1113,2024-07-10,913930.88,0.0,23175.487,23175.487,1054312.4259999995,1968243.3059999994
1114,2024-07-11,900951.56,0.0,0.0,0.0,1054312.4259999995,1955263.9859999996
1115,2024-07-12,917330.57,0.0,125268.791,125268.791,1179581.2169999995,2096911.7869999995
1116,2024-07-15,795350.13,0.0,0.0,0.0,1179581.2169999995,1974931.3469999996
1117,2024-07-16,787919.21,0.0,31434.515,31434.515,1211015.7319999994,1998934.9419999993
1118,2024-07-18,743787.99,0.0,8310.679,8310.679,1219326.4109999994,1963114.4009999994
1119,2024-07-19,839177.99,120393.495,0.0,-120393.495,1098932.9159999995,1938110.9059999995
1120,2024-07-22,1245897.56,402165.012,0.0,-402165.012,696767.9039999995,1942665.4639999997
1121,2024-07-23,1252108.33,0.0,0.0,0.0,696767.9039999995,1948876.2339999997
1122,2024-07-24,1276893.03,0.0,0.0,0.0,696767.9039999995,1973660.9339999994
1123,2024-07-25,1456609.76,178663.683,0.0,-178663.683,518104.22099999955,1974713.9809999997
1124,2024-07-26,1484032.09,0.0,0.0,0.0,518104.22099999955,2002136.3109999998
1125,2024-07-29,1479019.44,0.0,0.0,0.0,518104.22099999955,1997123.6609999994
1126,2024-07-30,1619746.27,148753.183,0.0,-148753.183,369351.0379999996,1989097.3079999997
1127,2024-07-31,1624116.92,0.0,0.0,0.0,369351.0379999996,1993467.9579999996
1128,2024-08-01,1604968.15,0.0,0.0,0.0,369351.0379999996,1974319.1879999996
1129,2024-08-02,1599704.04,0.0,0.0,0.0,369351.0379999996,1969055.0779999997
1130,2024-08-05,1536022.81,0.0,8755.884,8755.884,378106.92199999955,1914129.7319999996
1131,2024-08-06,1602514.34,96783.854,232347.339,135563.485,513670.40699999954,2116184.7469999995
1132,2024-08-07,1416850.27,0.0,19236.317,19236.317,532906.7239999995,1949756.9939999995
1133,2024-08-08,1392009.95,0.0,0.0,0.0,532906.7239999995,1924916.6739999994
1134,2024-08-09,1403493.81,0.0,0.0,0.0,532906.7239999995,1936400.5339999995
1135,2024-08-12,1395131.38,0.0,0.0,0.0,532906.7239999995,1928038.1039999994
1136,2024-08-13,1376407.05,0.0,0.0,0.0,532906.7239999995,1909313.7739999995
1137,2024-08-14,1512325.8,136872.432,137082.475,210.04300000000512,533116.7669999995,2045442.5669999996
1138,2024-08-16,1398548.4,26841.606,0.0,-26841.606,506275.1609999995,1904823.5609999993
1139,2024-08-19,1422929.9,0.0,0.0,0.0,506275.1609999995,1929205.0609999993
1140,2024-08-20,1428205.12,0.0,0.0,0.0,506275.1609999995,1934480.2809999995
1141,2024-08-21,1443087.25,0.0,0.0,0.0,506275.1609999995,1949362.4109999994
1142,2024-08-22,1451695.1,0.0,0.0,0.0,506275.1609999995,1957970.2609999995
1143,2024-08-23,1446270.5,0.0,0.0,0.0,506275.1609999995,1952545.6609999994
1144,2024-08-26,1445955.79,0.0,0.0,0.0,506275.1609999995,1952230.9509999994
1145,2024-08-27,1346489.73,0.0,0.0,0.0,506275.1609999995,1852764.8909999994
1146,2024-08-28,1445575.55,0.0,0.0,0.0,506275.1609999995,1951850.7109999997
1147,2024-08-29,1430633.14,0.0,0.0,0.0,506275.1609999995,1936908.3009999995
1148,2024-08-30,1435702.26,0.0,0.0,0.0,506275.1609999995,1941977.4209999996
1149,2024-09-02,1489201.63,59606.944,0.0,-59606.944,446668.2169999995,1935869.8469999994
1150,2024-09-03,1482507.17,0.0,90704.66,90704.66,537372.8769999995,2019880.0469999993
1151,2024-09-04,1402143.62,0.0,0.0,0.0,537372.8769999995,1939516.4969999995
1152,2024-09-05,1616976.13,213891.838,0.0,-213891.838,323481.0389999995,1940457.1689999993
1153,2024-09-06,1596767.37,0.0,0.0,0.0,323481.0389999995,1920248.4089999995
1154,2024-09-09,1692524.27,90033.888,0.0,-90033.888,233447.1509999995,1925971.4209999996
1155,2024-09-10,1709201.09,0.0,20932.115,20932.115,254379.26599999948,1963580.3559999997
1156,2024-09-11,1670308.18,0.0,0.0,0.0,254379.26599999948,1924687.4459999995
1157,2024-09-12,1753651.7,63948.118,74218.624,10270.505999999994,264649.7719999994,2018301.4719999994
1158,2024-09-13,1697236.14,0.0,0.0,0.0,264649.7719999994,1961885.9119999993
1159,2024-09-16,1767640.26,65032.435,0.0,-65032.435,199617.33699999936,1967257.5969999994
1160,2024-09-17,1772256.02,0.0,82782.146,82782.146,282399.4829999993,2054655.5029999993
1161,2024-09-18,1688107.04,0.0,0.0,0.0,282399.4829999993,1970506.5229999993
1162,2024-09-19,1676894.44,0.0,41272.206,41272.206,323671.6889999993,2000566.1289999993
1163,2024-09-20,1765655.81,98400.736,108708.919,10308.18299999999,333979.8719999993,2099635.681999999
1164,2024-09-23,1701365.46,0.0,196944.084,196944.084,530923.9559999993,2232289.4159999993
1165,2024-09-24,1495970.95,0.0,297095.525,297095.525,828019.4809999993,2323990.4309999994
1166,2024-09-25,1198646.91,0.0,97548.099,97548.099,925567.5799999994,2124214.4899999993
1167,2024-09-26,1162624.84,66856.702,0.0,-66856.702,858710.8779999993,2021335.7179999994
1168,2024-09-27,1159370.12,0.0,28326.29,28326.29,887037.1679999994,2046407.2879999995
1169,2024-09-30,1124847.27,0.0,25261.535,25261.535,912298.7029999993,2037145.9729999993
1170,2024-10-01,1145634.69,48726.383,0.0,-48726.383,863572.3199999994,2009207.0099999993
1171,2024-10-03,1110853.34,0.0,0.0,0.0,863572.3199999994,1974425.6599999995
1172,2024-10-04,1201999.44,99174.042,0.0,-99174.042,764398.2779999994,1966397.7179999994
1173,2024-10-07,1281219.25,143084.0,40582.794,-102501.206,661897.0719999993,1943116.3219999992
1174,2024-10-08,1468764.75,174879.288,204176.024,29296.736000000004,691193.8079999994,2159958.5579999993
1175,2024-10-09,1262109.26,0.0,0.0,0.0,691193.8079999994,1953303.0679999995
1176,2024-10-10,1262885.59,0.0,0.0,0.0,691193.8079999994,1954079.3979999996
1177,2024-10-11,1264521.38,0.0,0.0,0.0,691193.8079999994,1955715.1879999992
1178,2024-10-14,1259707.61,0.0,0.0,0.0,691193.8079999994,1950901.4179999996
1179,2024-10-15,1261320.95,0.0,0.0,0.0,691193.8079999994,1952514.7579999994
1180,2024-10-16,1254621.79,0.0,0.0,0.0,691193.8079999994,1945815.5979999993
1181,2024-10-17,1236517.31,0.0,84890.694,84890.694,776084.5019999994,2012601.8119999995
1182,2024-10-18,1281705.66,133232.717,0.0,-133232.717,642851.7849999995,1924557.4449999994
1183,2024-10-21,1252811.96,0.0,0.0,0.0,642851.7849999995,1895663.7449999994
1184,2024-10-22,1275296.66,67784.474,185433.107,117648.63299999999,760500.4179999994,2035797.0779999993
1185,2024-10-23,1356330.87,240974.585,19656.639,-221317.946,539182.4719999994,1895513.3419999995
1186,2024-10-24,1387640.65,64837.119,135940.674,71103.555,610286.0269999993,1997926.6769999992
1187,2024-10-25,1207100.17,0.0,88536.062,88536.062,698822.0889999993,1905922.2589999991
1188,2024-10-28,1232379.54,91186.745,193842.247,102655.50200000001,801477.5909999993,2033857.1309999994
1189,2024-10-29,1040183.58,0.0,17436.707,17436.707,818914.2979999994,1859097.8779999993
1190,2024-10-30,914771.54,0.0,0.0,0.0,818914.2979999994,1733685.8379999995
1191,2024-10-31,1058626.96,0.0,0.0,0.0,818914.2979999994,1877541.2579999994
1192,2024-11-01,1072945.13,0.0,0.0,0.0,818914.2979999994,1891859.4279999994
1193,2024-11-04,1043216.27,0.0,0.0,0.0,818914.2979999994,1862130.5679999995
1194,2024-11-05,917163.43,0.0,0.0,0.0,818914.2979999994,1736077.7279999994
1195,2024-11-06,1086070.02,0.0,0.0,0.0,818914.2979999994,1904984.3179999995
1196,2024-11-07,1077871.27,0.0,33762.783,33762.783,852677.0809999993,1930548.3509999993
1197,2024-11-08,1028460.26,0.0,0.0,0.0,852677.0809999993,1881137.3409999993
1198,2024-11-11,1013496.48,0.0,0.0,0.0,852677.0809999993,1866173.5609999993
1199,2024-11-12,1000875.94,0.0,0.0,0.0,852677.0809999993,1853553.0209999993
1200,2024-11-13,963195.75,0.0,0.0,0.0,852677.0809999993,1815872.8309999993
1201,2024-11-14,1037387.29,63791.469,98790.6,34999.13100000001,887676.2119999994,1925063.5019999994
1202,2024-11-18,931609.94,0.0,7783.466,7783.466,895459.6779999994,1827069.6179999993
1203,2024-11-19,935614.74,0.0,0.0,0.0,895459.6779999994,1831074.4179999994
1204,2024-11-21,920604.33,0.0,0.0,0.0,895459.6779999994,1816064.0079999994
1205,2024-11-22,926328.93,0.0,0.0,0.0,895459.6779999994,1821788.6079999995
1206,2024-11-25,930952.66,0.0,0.0,0.0,895459.6779999994,1826412.3379999995
1207,2024-11-26,943766.49,0.0,0.0,0.0,895459.6779999994,1839226.1679999994
1208,2024-11-27,961780.92,0.0,145387.097,145387.097,1040846.7749999993,2002627.6949999994
1209,2024-11-28,827171.79,0.0,27431.35,27431.35,1068278.1249999993,1895449.9149999993
1210,2024-11-29,796710.03,0.0,0.0,0.0,1068278.1249999993,1864988.1549999993
1211,2024-12-02,1128195.28,308901.344,0.0,-308901.344,759376.7809999994,1887572.0609999993
1212,2024-12-03,1148962.99,0.0,0.0,0.0,759376.7809999994,1908339.7709999993
1213,2024-12-04,1157653.87,0.0,67636.399,67636.399,827013.1799999994,1984667.0499999993
1214,2024-12-05,1090166.28,0.0,70237.055,70237.055,897250.2349999994,1987416.5149999994
1215,2024-12-06,1032383.74,0.0,27422.803,27422.803,924673.0379999994,1957056.7779999995
1216,2024-12-09,997402.26,0.0,0.0,0.0,924673.0379999994,1922075.2979999995
1217,2024-12-10,989164.3,0.0,76634.913,76634.913,1001307.9509999994,1990472.2509999995
1218,2024-12-11,910556.16,0.0,0.0,0.0,1001307.9509999994,1911864.1109999996
1219,2024-12-12,900690.4,0.0,0.0,0.0,1001307.9509999994,1901998.3509999993
1220,2024-12-13,901754.03,0.0,0.0,0.0,1001307.9509999994,1903061.9809999994
1221,2024-12-16,916074.24,0.0,0.0,0.0,1001307.9509999994,1917382.1909999994
1222,2024-12-17,903931.65,0.0,0.0,0.0,1001307.9509999994,1905239.6009999993
1223,2024-12-18,893346.84,0.0,0.0,0.0,1001307.9509999994,1894654.7909999993
1224,2024-12-19,886461.77,0.0,55536.598,55536.598,1056844.5489999994,1943306.3189999994
1225,2024-12-20,968791.32,151622.038,214155.231,62533.193,1119377.7419999994,2088169.0619999995
1226,2024-12-23,832421.83,88657.923,0.0,-88657.923,1030719.8189999994,1863141.6489999993
1227,2024-12-24,826273.51,0.0,29637.53,29637.53,1060357.3489999995,1886630.8589999995
1228,2024-12-26,864535.31,69659.292,73671.099,4011.8070000000007,1064369.1559999995,1928904.4659999995
1229,2024-12-27,796547.74,0.0,0.0,0.0,1064369.1559999995,1860916.8959999995
1230,2024-12-30,798676.32,0.0,0.0,0.0,1064369.1559999995,1863045.4759999993
1231,2024-12-31,1005415.91,205546.293,17458.619,-188087.674,876281.4819999994,1881697.3919999995
1232,2025-01-01,1099054.47,84047.264,0.0,-84047.264,792234.2179999994,1891288.6879999994
1233,2025-01-02,1098454.24,0.0,0.0,0.0,792234.2179999994,1890688.4579999994
1234,2025-01-03,1131849.78,23376.712,0.0,-23376.712,768857.5059999994,1900707.2859999994
1235,2025-01-06,1067247.49,0.0,53295.214,53295.214,822152.7199999994,1889400.2099999995
1236,2025-01-07,1049543.24,0.0,0.0,0.0,822152.7199999994,1871695.9599999995
1237,2025-01-08,1041359.13,0.0,112234.943,112234.943,934387.6629999994,1975746.7929999994
1238,2025-01-09,1010690.24,89233.695,0.0,-89233.695,845153.9679999994,1855844.2079999994
1239,2025-01-10,1110555.86,144301.204,180553.7,36252.496000000014,881406.4639999995,1991962.3239999996
1240,2025-01-13,1020503.43,142490.726,137512.406,-4978.320000000007,876428.1439999994,1896931.5739999996
1241,2025-01-14,1156740.85,237234.081,323435.61,86201.52899999998,962629.6729999994,2119370.5229999996
1242,2025-01-15,810687.0,0.0,0.0,0.0,962629.6729999994,1773316.6729999995
1243,2025-01-16,896283.89,77006.708,60184.429,-16822.279000000002,945807.3939999994,1842091.2839999995
1244,2025-01-17,832200.43,0.0,0.0,0.0,945807.3939999994,1778007.8239999996
1245,2025-01-20,844074.17,0.0,0.0,0.0,945807.3939999994,1789881.5639999993
1246,2025-01-21,822901.6,0.0,0.0,0.0,945807.3939999994,1768708.9939999995
1247,2025-01-22,811133.94,0.0,0.0,0.0,945807.3939999994,1756941.3339999993
1248,2025-01-23,810112.03,0.0,0.0,0.0,945807.3939999994,1755919.4239999994
1249,2025-01-24,800072.35,0.0,0.0,0.0,945807.3939999994,1745879.7439999995
1250,2025-01-27,841176.15,76954.684,43651.806,-33302.878,912504.5159999994,1753680.6659999993
1251,2025-01-28,881933.21,81580.318,332267.623,250687.30500000002,1163191.8209999993,2045125.0309999993
1252,2025-01-29,695758.18,131327.93,24291.529,-107036.401,1056155.4199999995,1751913.5999999996
1253,2025-01-30,667290.73,0.0,0.0,0.0,1056155.4199999995,1723446.1499999994
1254,2025-01-31,673487.41,0.0,0.0,0.0,1056155.4199999995,1729642.8299999996
1255,2025-02-01,678013.65,0.0,0.0,0.0,1056155.4199999995,1734169.0699999994
1256,2025-02-03,666145.31,0.0,0.0,0.0,1056155.4199999995,1722300.7299999995
1257,2025-02-04,669213.85,0.0,0.0,0.0,1056155.4199999995,1725369.2699999996
1258,2025-02-05,666773.45,0.0,98655.911,98655.911,1154811.3309999993,1821584.7809999993
1259,2025-02-06,561361.27,0.0,53716.642,53716.642,1208527.9729999993,1769889.2429999993
1260,2025-02-07,508183.4,0.0,21692.423,21692.423,1230220.3959999993,1738403.7959999992
1261,2025-02-10,478214.95,0.0,0.0,0.0,1230220.3959999993,1708435.3459999992
1262,2025-02-11,458027.72,0.0,0.0,0.0,1230220.3959999993,1688248.1159999992
1263,2025-02-12,572645.5,120429.589,91554.564,-28875.02500000001,1201345.3709999993,1773990.8709999993
1264,2025-02-13,607980.94,124739.221,0.0,-124739.221,1076606.1499999994,1684587.0899999994
1265,2025-02-14,588633.03,0.0,18926.227,18926.227,1095532.3769999994,1684165.4069999994
1266,2025-02-17,567212.86,0.0,0.0,0.0,1095532.3769999994,1662745.2369999993
1267,2025-02-18,658065.95,98287.521,0.0,-98287.521,997244.8559999993,1655310.8059999994
1268,2025-02-19,728607.83,47285.301,21734.666,-25550.635,971694.2209999993,1700302.0509999993
1269,2025-02-20,718036.72,0.0,0.0,0.0,971694.2209999993,1689730.9409999992
1270,2025-02-21,707135.86,0.0,0.0,0.0,971694.2209999993,1678830.0809999993
1271,2025-02-24,687846.94,0.0,0.0,0.0,971694.2209999993,1659541.1609999994
1272,2025-02-25,694371.47,0.0,0.0,0.0,971694.2209999993,1666065.6909999992
1273,2025-02-27,671929.87,0.0,109723.027,109723.027,1081417.2479999994,1753347.1179999993
1274,2025-02-28,548381.05,0.0,22230.615,22230.615,1103647.8629999994,1652028.9129999995
1275,2025-03-03,574405.19,53551.289,0.0,-53551.289,1050096.5739999993,1624501.7639999993
1276,2025-03-04,582663.01,0.0,15266.219,15266.219,1065362.7929999994,1648025.8029999994
1277,2025-03-05,580805.97,0.0,13376.673,13376.673,1078739.4659999993,1659545.4359999993
1278,2025-03-06,573365.33,0.0,0.0,0.0,1078739.4659999993,1652104.7959999992
1279,2025-03-07,578977.76,0.0,0.0,0.0,1078739.4659999993,1657717.2259999993
1280,2025-03-10,557511.32,0.0,0.0,0.0,1078739.4659999993,1636250.7859999994
1281,2025-03-11,556248.38,0.0,38677.915,38677.915,1117417.3809999994,1673665.7609999995
1282,2025-03-12,515025.09,0.0,0.0,0.0,1117417.3809999994,1632442.4709999994
1283,2025-03-13,511969.39,0.0,0.0,0.0,1117417.3809999994,1629386.7709999993
1284,2025-03-17,503273.81,0.0,0.0,0.0,1117417.3809999994,1620691.1909999994
1285,2025-03-18,503273.81,0.0,0.0,0.0,1117417.3809999994,1620691.1909999994
1286,2025-03-19,529202.58,0.0,0.0,0.0,1117417.3809999994,1646619.9609999992
1287,2025-03-20,530037.66,0.0,32214.622,32214.622,1149632.0029999993,1679669.6629999992
1288,2025-03-21,509152.12,0.0,0.0,0.0,1149632.0029999993,1658784.1229999992
1289,2025-03-24,516509.42,0.0,174399.584,174399.584,1324031.5869999994,1840541.0069999993
1290,2025-03-25,336234.35,0.0,128019.441,128019.441,1452051.0279999995,1788285.3779999996
1291,2025-03-26,208474.56,0.0,0.0,0.0,1452051.0279999995,1660525.5879999995
1292,2025-03-27,209641.88,0.0,0.0,0.0,1452051.0279999995,1661692.9079999994
1293,2025-03-28,206361.44,0.0,0.0,0.0,1452051.0279999995,1658412.4679999994
1294,2025-04-01,210513.23,0.0,0.0,0.0,1452051.0279999995,1662564.2579999994
1295,2025-04-02,211937.76,0.0,0.0,0.0,1452051.0279999995,1663988.7879999995
1296,2025-04-03,213014.18,0.0,0.0,0.0,1452051.0279999995,1665065.2079999994
1297,2025-04-04,202226.62,0.0,0.0,0.0,1452051.0279999995,1654277.6479999996
1298,2025-04-07,193485.88,0.0,61198.096,61198.096,1513249.1239999994,1706735.0039999993
1299,2025-04-08,131511.5,0.0,133089.539,133089.539,1646338.6629999992,1777850.1629999992
