,symbol,date,open,high,low,close,volume
0,^NSEI,2025-04-29,24370.7,24457.65,24290.75,24335.95,0
1,^NSEI,2025-05-02,24311.9,24589.15,24238.5,24346.7,421100
2,^NSEI,2025-05-05,24419.5,24526.4,24400.65,24461.15,0
3,^NSEI,2025-05-12,24420.1,24944.8,24378.85,24924.7,0
4,^NSEI,2025-04-30,24342.05,24396.15,24198.75,24334.2,0
5,^NSEI,2025-05-09,23935.75,24164.25,23935.75,24008.0,335600
6,^NSEI,2025-05-13,24864.05,24973.8,24547.5,24578.35,0
7,^NSEI,2025-05-06,24500.75,24509.65,24331.8,24379.6,302400
8,^NSEI,2025-05-07,24233.3,24449.6,24220.0,24414.4,330100
9,^NSEI,2025-05-08,24431.5,24447.25,24150.2,24273.8,411400
10,^NSEI,2023-01-02,18131.7,18215.15,18086.5,18197.45,256100
11,^NSEI,2023-01-03,18163.2,18251.95,18149.8,18232.55,208700
12,^NSEI,2023-01-04,18230.65,18243.0,18020.6,18042.95,235200
13,^NSEI,2023-01-05,18101.95,18120.3,17892.6,17992.15,269900
14,^NSEI,2023-01-06,18008.05,18047.4,17795.55,17859.45,238200
15,^NSEI,2023-01-09,17952.55,18141.4,17936.15,18101.2,257200
16,^NSEI,2023-01-10,18121.3,18127.6,17856.0,17914.15,283300
17,^NSEI,2023-01-11,17924.25,17976.35,17824.35,17895.7,259900
18,^NSEI,2023-01-12,17920.85,17945.8,17761.65,17858.2,227800
19,^NSEI,2023-01-13,17867.5,17999.35,17774.25,17956.6,256700
20,^NSEI,2023-01-16,18033.15,18049.65,17853.65,17894.85,206200
21,^NSEI,2023-01-17,17922.8,18072.05,17886.95,18053.3,219100
22,^NSEI,2023-01-18,18074.3,18183.75,18032.45,18165.35,255800
23,^NSEI,2023-01-19,18119.8,18155.2,18063.75,18107.85,237800
24,^NSEI,2023-01-20,18115.6,18145.45,18016.2,18027.65,237200
25,^NSEI,2023-01-23,18118.45,18162.6,18063.45,18118.55,202500
26,^NSEI,2023-01-24,18183.95,18201.25,18078.65,18118.3,216900
27,^NSEI,2023-01-25,18093.35,18100.6,17846.15,17891.95,257200
28,^NSEI,2023-01-27,17877.2,17884.75,17493.55,17604.35,476300
29,^NSEI,2023-01-30,17541.95,17709.15,17405.55,17648.95,432400
30,^NSEI,2023-01-31,17731.45,17735.7,17537.55,17662.15,398300
31,^NSEI,2023-02-01,17811.6,17972.2,17353.4,17616.3,512900
32,^NSEI,2023-02-02,17517.1,17653.9,17445.95,17610.4,490100
33,^NSEI,2023-02-03,17721.75,17870.3,17584.2,17854.05,424100
34,^NSEI,2023-02-06,17818.55,17823.7,17698.35,17764.6,282500
35,^NSEI,2023-02-07,17790.1,17811.15,17652.55,17721.5,354400
36,^NSEI,2023-02-08,17750.3,17898.7,17744.15,17871.7,291000
37,^NSEI,2023-02-09,17885.5,17916.9,17779.8,17893.45,260900
38,^NSEI,2023-02-10,17847.55,17876.95,17801.0,17856.5,232000
39,^NSEI,2023-02-13,17859.1,17880.7,17719.75,17770.9,231300
40,^NSEI,2023-02-14,17840.35,17954.55,17800.05,17929.85,244500
41,^NSEI,2023-02-15,17896.6,18034.1,17853.8,18015.85,229300
42,^NSEI,2023-02-16,18094.75,18134.75,18000.65,18035.85,230200
43,^NSEI,2023-02-17,17974.85,18034.25,17884.6,17944.2,208100
44,^NSEI,2023-02-20,17965.55,18004.35,17818.4,17844.6,174600
45,^NSEI,2023-02-21,17905.8,17924.9,17800.3,17826.7,198200
46,^NSEI,2023-02-22,17755.35,17772.5,17529.45,17554.3,204000
47,^NSEI,2023-02-23,17574.65,17620.05,17455.4,17511.25,240800
48,^NSEI,2023-02-24,17591.35,17599.75,17421.8,17465.8,209400
49,^NSEI,2023-02-27,17428.6,17451.6,17299.0,17392.7,246400
50,^NSEI,2023-02-28,17383.25,17440.45,17255.2,17303.95,420900
51,^NSEI,2023-03-01,17360.1,17467.75,17345.25,17450.9,272900
52,^NSEI,2023-03-02,17421.5,17445.8,17306.0,17321.9,310700
53,^NSEI,2023-03-03,17451.25,17644.75,17427.7,17594.35,356200
54,^NSEI,2023-03-06,17680.35,17799.95,17671.95,17711.45,362800
55,^NSEI,2023-03-08,17665.75,17766.5,17602.25,17754.4,267000
56,^NSEI,2023-03-09,17772.05,17772.35,17573.6,17589.6,262400
57,^NSEI,2023-03-10,17443.8,17451.5,17324.35,17412.9,235900
58,^NSEI,2023-03-13,17421.9,17529.9,17113.45,17154.3,254900
59,^NSEI,2023-03-14,17160.55,17224.65,16987.1,17043.3,290600
60,^NSEI,2023-03-15,17166.45,17211.35,16938.9,16972.15,248200
61,^NSEI,2023-03-16,16994.65,17062.45,16850.15,16985.6,349800
62,^NSEI,2023-03-17,17111.8,17145.8,16958.15,17100.05,408100
63,^NSEI,2023-03-20,17066.6,17066.6,16828.35,16988.4,241800
64,^NSEI,2023-03-21,17060.4,17127.7,17016.0,17107.5,246700
65,^NSEI,2023-03-22,17177.45,17207.25,17107.85,17151.9,0
66,^NSEI,2023-03-23,17097.4,17205.4,17045.3,17076.9,219200
67,^NSEI,2023-03-24,17076.2,17109.45,16917.35,16945.05,228000
68,^NSEI,2023-03-27,16984.3,17091.0,16918.55,16985.7,218400
69,^NSEI,2023-03-28,17031.75,17061.75,16913.75,16951.7,238800
70,^NSEI,2023-03-29,16977.3,17126.15,16940.6,17080.7,345900
71,^NSEI,2023-03-31,17210.35,17381.6,17204.65,17359.75,263900
72,^NSEI,2023-04-03,17427.95,17428.05,17312.75,17398.05,230200
73,^NSEI,2023-04-05,17422.3,17570.55,17402.7,17557.05,248300
74,^NSEI,2023-04-06,17533.85,17638.7,17502.85,17599.15,242700
75,^NSEI,2023-04-10,17634.9,17694.1,17597.95,17624.05,254800
76,^NSEI,2023-04-11,17704.8,17748.75,17655.15,17722.3,304300
77,^NSEI,2023-04-12,17759.55,17825.75,17717.25,17812.4,232800
78,^NSEI,2023-04-13,17807.3,17842.15,17729.65,17828.0,285800
79,^NSEI,2023-04-17,17863.0,17863.0,17574.05,17706.85,357400
80,^NSEI,2023-04-18,17766.6,17766.6,17610.2,17660.15,258900
81,^NSEI,2023-04-19,17653.35,17666.15,17579.85,17618.75,281500
82,^NSEI,2023-04-20,17638.6,17684.45,17584.35,17624.45,215100
83,^NSEI,2023-04-21,17639.75,17663.2,17553.95,17624.05,230200
84,^NSEI,2023-04-24,17707.55,17754.5,17612.5,17743.4,255700
85,^NSEI,2023-04-25,17761.55,17807.45,17716.85,17769.25,297400
86,^NSEI,2023-04-26,17767.3,17827.75,17711.2,17813.6,233000
87,^NSEI,2023-04-27,17813.1,17931.6,17797.9,17915.05,241400
88,^NSEI,2023-04-28,17950.4,18089.15,17885.3,18065.0,290300
89,^NSEI,2023-05-02,18124.8,18180.25,18101.75,18147.65,265200
90,^NSEI,2023-05-03,18113.8,18116.35,18042.4,18089.85,226200
91,^NSEI,2023-05-04,18081.0,18267.45,18066.7,18255.8,226600
92,^NSEI,2023-05-05,18117.3,18216.95,18055.45,18069.0,239700
93,^NSEI,2023-05-08,18120.6,18286.95,18100.3,18264.4,228400
94,^NSEI,2023-05-09,18303.4,18344.2,18229.65,18265.95,245400
95,^NSEI,2023-05-10,18313.6,18326.75,18211.95,18315.1,220500
96,^NSEI,2023-05-11,18357.8,18389.7,18270.4,18297.0,248900
97,^NSEI,2023-05-12,18273.75,18342.75,18194.55,18314.8,241700
98,^NSEI,2023-05-15,18339.3,18458.9,18287.9,18398.85,216100
99,^NSEI,2023-05-16,18432.35,18432.35,18264.35,18286.5,219500
100,^NSEI,2023-05-17,18300.45,18309.0,18115.35,18181.75,229900
101,^NSEI,2023-05-18,18287.5,18297.2,18104.85,18129.95,272100
102,^NSEI,2023-05-19,18186.15,18218.1,18060.4,18203.4,260900
103,^NSEI,2023-05-22,18201.1,18335.25,18178.85,18314.4,262600
104,^NSEI,2023-05-23,18362.9,18419.75,18324.2,18348.0,270400
105,^NSEI,2023-05-24,18294.8,18392.6,18262.95,18285.4,232600
106,^NSEI,2023-05-25,18268.9,18338.1,18202.4,18321.15,235900
107,^NSEI,2023-05-26,18368.35,18508.55,18333.15,18499.35,198700
108,^NSEI,2023-05-29,18619.15,18641.2,18581.25,18598.65,265300
109,^NSEI,2023-05-30,18606.65,18662.45,18575.5,18633.85,234400
110,^NSEI,2023-05-31,18594.2,18603.9,18483.85,18534.4,696500
111,^NSEI,2023-06-01,18579.4,18580.3,18464.55,18487.75,265600
112,^NSEI,2023-06-02,18550.85,18573.7,18478.4,18534.1,270900
113,^NSEI,2023-06-05,18612.0,18640.15,18582.8,18593.85,256100
114,^NSEI,2023-06-06,18600.8,18622.75,18531.6,18599.0,220800
115,^NSEI,2023-06-07,18665.6,18738.95,18636.0,18726.4,260100
116,^NSEI,2023-06-08,18725.35,18777.9,18615.6,18634.55,286500
117,^NSEI,2023-06-09,18655.9,18676.65,18555.4,18563.4,221800
118,^NSEI,2023-06-12,18595.05,18633.6,18559.75,18601.5,179500
119,^NSEI,2023-06-13,18631.8,18728.9,18631.8,18716.15,233200
120,^NSEI,2023-06-14,18744.6,18769.7,18690.0,18755.9,261400
121,^NSEI,2023-06-15,18774.45,18794.1,18669.05,18688.1,263000
122,^NSEI,2023-06-16,18723.3,18864.7,18710.5,18826.0,272800
123,^NSEI,2023-06-19,18873.3,18881.45,18719.15,18755.45,219800
124,^NSEI,2023-06-20,18752.35,18839.7,18660.65,18816.7,211600
125,^NSEI,2023-06-21,18849.4,18875.9,18794.85,18856.85,217500
126,^NSEI,2023-06-22,18853.6,18886.6,18759.5,18771.25,252700
127,^NSEI,2023-06-23,18741.85,18756.4,18647.1,18665.5,210600
128,^NSEI,2023-06-26,18682.35,18722.05,18646.7,18691.2,171300
129,^NSEI,2023-06-27,18748.55,18829.25,18714.25,18817.4,222500
130,^NSEI,2023-06-28,18908.15,19011.25,18861.35,18972.1,398800
131,^NSEI,2023-06-30,19076.85,19201.7,19024.6,19189.05,247900
132,^NSEI,2023-07-03,19246.5,19345.1,19234.4,19322.55,226100
133,^NSEI,2023-07-04,19406.6,19434.15,19300.0,19389.0,226900
134,^NSEI,2023-07-05,19405.95,19421.6,19339.6,19398.5,224400
135,^NSEI,2023-07-06,19385.7,19512.2,19373.0,19497.3,268300
136,^NSEI,2023-07-07,19422.8,19523.6,19303.6,19331.8,237100
137,^NSEI,2023-07-10,19400.35,19435.85,19327.1,19355.9,268200
138,^NSEI,2023-07-11,19427.1,19515.1,19406.45,19439.4,251300
139,^NSEI,2023-07-12,19497.45,19507.7,19361.75,19384.3,327900
140,^NSEI,2023-07-13,19495.2,19567.0,19385.8,19413.75,310400
141,^NSEI,2023-07-14,19493.45,19595.35,19433.5,19564.5,291200
142,^NSEI,2023-07-17,19612.15,19731.85,19562.95,19711.45,268700
143,^NSEI,2023-07-18,19787.5,19819.45,19690.2,19749.25,286400
144,^NSEI,2023-07-19,19802.95,19851.7,19727.45,19833.15,259700
145,^NSEI,2023-07-20,19831.7,19991.85,19758.4,19979.15,274700
146,^NSEI,2023-07-21,19800.45,19887.4,19700.0,19745.0,312500
147,^NSEI,2023-07-24,19748.45,19782.75,19658.3,19672.35,265600
148,^NSEI,2023-07-25,19729.35,19729.35,19615.95,19680.6,369700
149,^NSEI,2023-07-26,19733.35,19825.6,19716.7,19778.3,244700
150,^NSEI,2023-07-27,19850.9,19867.55,19603.55,19659.9,334900
151,^NSEI,2023-07-28,19659.75,19695.9,19563.1,19646.05,258700
152,^NSEI,2023-07-31,19666.35,19772.75,19597.6,19753.8,295100
153,^NSEI,2023-08-01,19784.0,19795.6,19704.6,19733.55,298000
154,^NSEI,2023-08-02,19655.4,19678.25,19423.55,19526.55,290700
155,^NSEI,2023-08-03,19463.75,19537.65,19296.45,19381.65,315700
156,^NSEI,2023-08-04,19462.8,19538.85,19436.45,19517.0,280800
157,^NSEI,2023-08-07,19576.85,19620.45,19524.8,19597.3,216600
158,^NSEI,2023-08-08,19627.2,19634.4,19533.1,19570.85,260300
159,^NSEI,2023-08-09,19578.8,19645.5,19467.5,19632.55,266500
160,^NSEI,2023-08-10,19605.55,19623.6,19495.4,19543.1,312200
161,^NSEI,2023-08-11,19554.25,19557.75,19412.75,19428.3,235500
162,^NSEI,2023-08-14,19383.95,19465.85,19257.9,19434.55,243900
163,^NSEI,2023-08-16,19369.0,19482.75,19317.2,19465.0,0
164,^NSEI,2023-08-17,19450.55,19461.55,19326.25,19365.25,268700
165,^NSEI,2023-08-18,19301.75,19373.8,19253.6,19310.15,256100
166,^NSEI,2023-08-21,19320.65,19425.95,19296.3,19393.6,262600
167,^NSEI,2023-08-22,19417.1,19443.5,19381.3,19396.45,208700
168,^NSEI,2023-08-23,19439.2,19472.05,19366.6,19444.0,225200
169,^NSEI,2023-08-24,19535.15,19584.45,19369.0,19386.7,268300
170,^NSEI,2023-08-25,19297.4,19339.55,19229.7,19265.8,466500
171,^NSEI,2023-08-28,19298.35,19366.85,19249.7,19306.05,248200
172,^NSEI,2023-08-29,19374.85,19377.9,19309.1,19342.65,307400
173,^NSEI,2023-08-30,19433.45,19452.8,19334.75,19347.45,233000
174,^NSEI,2023-08-31,19375.55,19388.2,19223.65,19253.8,562600
175,^NSEI,2023-09-01,19258.15,19458.55,19255.7,19435.3,333000
176,^NSEI,2023-09-04,19525.05,19545.15,19432.85,19528.8,296800
177,^NSEI,2023-09-05,19564.65,19587.05,19525.75,19574.9,256800
178,^NSEI,2023-09-06,19581.2,19636.45,19491.5,19611.05,287600
179,^NSEI,2023-09-07,19598.65,19737.0,19550.05,19727.05,304900
180,^NSEI,2023-09-08,19774.8,19867.15,19727.05,19819.95,288100
181,^NSEI,2023-09-11,19890.0,20008.15,19865.35,19996.35,248800
182,^NSEI,2023-09-12,20110.15,20110.35,19914.65,19993.2,328100
183,^NSEI,2023-09-13,19989.5,20096.9,19944.1,20070.0,251400
184,^NSEI,2023-09-14,20127.95,20167.65,20043.45,20103.1,275100
185,^NSEI,2023-09-15,20156.45,20222.45,20129.7,20192.35,438200
186,^NSEI,2023-09-18,20155.95,20195.35,20115.7,20133.3,264900
187,^NSEI,2023-09-20,19980.75,20050.65,19878.85,19901.4,378100
188,^NSEI,2023-09-21,19840.55,19848.75,19709.95,19742.35,275100
189,^NSEI,2023-09-22,19744.85,19798.65,19657.5,19674.25,246400
190,^NSEI,2023-09-25,19678.2,19734.15,19601.55,19674.55,188400
191,^NSEI,2023-09-26,19682.8,19699.35,19637.45,19664.7,204900
192,^NSEI,2023-09-27,19637.05,19730.7,19554.0,19716.45,203600
193,^NSEI,2023-09-28,19761.8,19766.65,19492.1,19523.55,352800
194,^NSEI,2023-09-29,19581.2,19726.25,19551.05,19638.3,243500
195,^NSEI,2023-10-03,19622.4,19623.2,19479.65,19528.75,221700
196,^NSEI,2023-10-04,19446.3,19457.8,19333.6,19436.1,277100
197,^NSEI,2023-10-05,19521.85,19576.95,19487.3,19545.75,234900
198,^NSEI,2023-10-06,19621.2,19675.75,19589.4,19653.5,159100
199,^NSEI,2023-10-09,19539.45,19588.95,19480.5,19512.35,165100
200,^NSEI,2023-10-10,19565.6,19717.8,19565.45,19689.85,216600
201,^NSEI,2023-10-11,19767.0,19839.2,19756.95,19811.35,213700
202,^NSEI,2023-10-12,19822.7,19843.3,19772.65,19794.0,217900
203,^NSEI,2023-10-13,19654.55,19805.4,19635.3,19751.05,255000
204,^NSEI,2023-10-16,19737.25,19781.3,19691.85,19731.75,181000
205,^NSEI,2023-10-17,19843.2,19849.75,19775.65,19811.5,185800
206,^NSEI,2023-10-18,19820.45,19840.95,19659.95,19671.1,198900
207,^NSEI,2023-10-19,19545.2,19681.8,19512.35,19624.7,230300
208,^NSEI,2023-10-20,19542.15,19593.8,19518.7,19542.65,198300
209,^NSEI,2023-10-23,19521.6,19556.85,19257.85,19281.75,176000
210,^NSEI,2023-10-25,19286.45,19347.3,19074.15,19122.15,225300
211,^NSEI,2023-10-26,19027.25,19041.7,18837.85,18857.25,300400
212,^NSEI,2023-10-27,18928.75,19076.15,18926.65,19047.25,205200
213,^NSEI,2023-10-30,19053.4,19158.5,18940.0,19140.9,180100
214,^NSEI,2023-10-31,19232.95,19233.7,19056.45,19079.6,206000
215,^NSEI,2023-11-01,19064.05,19096.05,18973.7,18989.15,194100
216,^NSEI,2023-11-02,19120.0,19175.25,19064.15,19133.25,245600
217,^NSEI,2023-11-03,19241.0,19276.25,19210.9,19230.6,189500
218,^NSEI,2023-11-06,19345.85,19423.0,19309.7,19411.75,180700
219,^NSEI,2023-11-07,19404.05,19423.5,19329.1,19406.7,198700
220,^NSEI,2023-11-08,19449.6,19464.4,19401.5,19443.5,195000
221,^NSEI,2023-11-09,19457.4,19463.9,19378.35,19395.3,208400
222,^NSEI,2023-11-10,19351.85,19451.3,19329.45,19425.35,152200
223,^NSEI,2023-11-13,19486.75,19494.4,19414.75,19443.55,189300
224,^NSEI,2023-11-15,19651.4,19693.2,19579.65,19675.45,291500
225,^NSEI,2023-11-16,19674.7,19875.25,19627.0,19765.2,282700
226,^NSEI,2023-11-17,19674.75,19806.0,19667.45,19731.8,236800
227,^NSEI,2023-11-20,19731.15,19756.45,19670.5,19694.0,173800
228,^NSEI,2023-11-21,19770.9,19829.1,19754.05,19783.4,195000
229,^NSEI,2023-11-22,19784.0,19825.55,19703.85,19811.85,184500
230,^NSEI,2023-11-23,19828.45,19875.15,19786.75,19802.0,170000
231,^NSEI,2023-11-24,19809.6,19832.85,19768.85,19794.7,145900
232,^NSEI,2023-11-28,19844.65,19916.85,19800.0,19889.7,229600
233,^NSEI,2023-11-29,19976.55,20104.65,19956.3,20096.6,236200
234,^NSEI,2023-11-30,20108.5,20158.7,20015.85,20133.15,486600
235,^NSEI,2023-12-01,20194.1,20291.55,20183.7,20267.9,265800
236,^NSEI,2023-12-04,20601.95,20702.65,20507.75,20686.8,381100
237,^NSEI,2023-12-05,20808.9,20864.05,20711.15,20855.1,421000
238,^NSEI,2023-12-06,20950.75,20961.95,20852.15,20937.7,359200
239,^NSEI,2023-12-07,20932.4,20941.25,20850.8,20901.15,275000
240,^NSEI,2023-12-08,20934.1,21006.1,20862.7,20969.4,292400
241,^NSEI,2023-12-11,20965.3,21026.1,20923.7,20997.1,212900
242,^NSEI,2023-12-12,21018.55,21037.9,20867.15,20906.4,244900
243,^NSEI,2023-12-13,20929.75,20950.0,20769.5,20926.35,260300
244,^NSEI,2023-12-14,21110.4,21210.9,21074.45,21182.7,334400
245,^NSEI,2023-12-15,21287.45,21492.3,21235.3,21456.65,508800
246,^NSEI,2023-12-18,21434.8,21482.8,21365.35,21418.65,249700
247,^NSEI,2023-12-19,21477.65,21505.05,21337.75,21453.1,249800
248,^NSEI,2023-12-20,21543.5,21593.0,21087.35,21150.15,363900
249,^NSEI,2023-12-21,21033.95,21288.35,20976.8,21255.05,277500
250,^NSEI,2023-12-22,21295.85,21390.5,21232.45,21349.4,284700
251,^NSEI,2023-12-26,21365.2,21477.15,21329.45,21441.35,219500
252,^NSEI,2023-12-27,21497.65,21675.75,21495.8,21654.75,256500
253,^NSEI,2023-12-28,21715.0,21801.45,21678.0,21778.7,393100
254,^NSEI,2023-12-29,21737.65,21770.3,21676.9,21731.4,270900
255,^NSEI,2024-01-01,21727.75,21834.35,21680.85,21741.9,154000
256,^NSEI,2024-01-02,21751.35,21755.6,21555.65,21665.8,263700
257,^NSEI,2024-01-03,21661.1,21677.0,21500.35,21517.35,311900
258,^NSEI,2024-01-04,21605.8,21685.65,21564.55,21658.6,339200
259,^NSEI,2024-01-05,21705.75,21749.6,21629.2,21710.8,309300
260,^NSEI,2024-01-08,21747.6,21763.95,21492.9,21513.0,231500
261,^NSEI,2024-01-09,21653.6,21724.45,21517.85,21544.85,228600
262,^NSEI,2024-01-10,21529.3,21641.85,21448.65,21618.7,217000
263,^NSEI,2024-01-11,21688.0,21726.5,21593.75,21647.2,212500
264,^NSEI,2024-01-12,21773.55,21928.25,21715.15,21894.55,294700
265,^NSEI,2024-01-15,22053.15,22115.55,21963.55,22097.45,345500
266,^NSEI,2024-01-16,22080.5,22124.15,21969.8,22032.3,292400
267,^NSEI,2024-01-17,21647.25,21851.5,21550.45,21571.95,456000
268,^NSEI,2024-01-18,21414.2,21539.4,21285.55,21462.25,387300
269,^NSEI,2024-01-19,21615.2,21670.6,21575.0,21622.4,343100
270,^NSEI,2024-01-23,21716.7,21750.25,21192.6,21238.8,449700
271,^NSEI,2024-01-24,21185.25,21482.35,21137.2,21453.95,407500
272,^NSEI,2024-01-25,21454.6,21459.0,21247.05,21352.6,418100
273,^NSEI,2024-01-29,21433.1,21763.25,21429.6,21737.6,376700
274,^NSEI,2024-01-30,21775.75,21813.05,21501.8,21522.1,375100
275,^NSEI,2024-01-31,21487.25,21741.35,21448.85,21725.7,410600
276,^NSEI,2024-02-01,21780.65,21832.95,21658.75,21697.45,332500
277,^NSEI,2024-02-02,21812.75,22126.8,21805.55,21853.8,442800
278,^NSEI,2024-02-05,21921.05,21964.3,21726.95,21771.7,440800
279,^NSEI,2024-02-06,21825.2,21951.4,21737.55,21929.4,371000
280,^NSEI,2024-02-07,22045.05,22053.3,21860.15,21930.5,346300
281,^NSEI,2024-02-08,22009.65,22011.05,21665.3,21717.95,491100
282,^NSEI,2024-02-09,21727.0,21804.45,21629.9,21782.5,349200
283,^NSEI,2024-02-12,21800.8,21831.7,21574.75,21616.05,287400
284,^NSEI,2024-02-13,21664.3,21766.8,21543.35,21743.25,365800
285,^NSEI,2024-02-14,21578.15,21870.85,21530.2,21840.05,359100
286,^NSEI,2024-02-15,21906.55,21953.85,21794.8,21910.75,345400
287,^NSEI,2024-02-16,22020.3,22068.65,21968.95,22040.7,343900
288,^NSEI,2024-02-19,22103.45,22186.65,22021.05,22122.25,0
289,^NSEI,2024-02-20,22099.2,22215.6,22045.85,22196.95,295700
290,^NSEI,2024-02-21,22248.85,22249.4,21997.95,22055.05,364500
291,^NSEI,2024-02-22,22081.55,22252.5,21875.25,22217.45,343500
292,^NSEI,2024-02-23,22290.0,22297.5,22186.1,22212.7,226000
293,^NSEI,2024-02-26,22169.2,22202.15,22075.15,22122.05,207800
294,^NSEI,2024-02-27,22090.2,22218.25,22085.65,22198.35,252200
295,^NSEI,2024-02-28,22214.1,22229.15,21915.85,21951.15,203000
296,^NSEI,2024-02-29,21935.2,22060.55,21860.65,21982.8,360200
297,^NSEI,2024-03-01,22048.3,22353.3,22047.75,22338.75,351500
298,^NSEI,2024-03-04,22403.5,22440.9,22358.3,22405.6,298800
299,^NSEI,2024-03-05,22371.25,22416.9,22269.15,22356.3,296200
300,^NSEI,2024-03-06,22327.5,22497.2,22224.35,22474.05,312300
301,^NSEI,2024-03-07,22505.3,22525.65,22430.0,22493.55,379900
302,^NSEI,2024-03-11,22517.5,22526.6,22307.25,22332.65,277900
303,^NSEI,2024-03-12,22334.45,22452.55,22256.0,22335.7,299200
304,^NSEI,2024-03-13,22432.2,22446.75,21905.65,21997.7,493300
305,^NSEI,2024-03-14,21982.55,22204.6,21917.5,22146.65,426700
306,^NSEI,2024-03-15,22064.85,22120.9,21931.7,22023.35,661500
307,^NSEI,2024-03-18,21990.1,22123.7,21916.55,22055.7,356300
308,^NSEI,2024-03-19,21946.45,21978.3,21793.1,21817.45,344200
309,^NSEI,2024-03-20,21843.9,21930.9,21710.2,21839.1,312400
310,^NSEI,2024-03-21,21989.9,22080.95,21941.3,22011.95,353200
311,^NSEI,2024-03-22,21932.2,22180.7,21883.3,22096.75,388700
312,^NSEI,2024-03-26,21947.9,22073.2,21947.55,22004.7,328400
313,^NSEI,2024-03-27,22053.95,22193.6,22052.85,22123.65,409100
314,^NSEI,2024-03-28,22163.6,22516.0,22163.6,22326.9,410500
315,^NSEI,2024-04-01,22455.0,22529.95,22427.75,22462.0,0
316,^NSEI,2024-04-02,22458.8,22497.6,22388.15,22453.3,289500
317,^NSEI,2024-04-03,22385.7,22521.1,22346.5,22434.65,309600
318,^NSEI,2024-04-04,22592.1,22619.0,22303.8,22514.65,401000
319,^NSEI,2024-04-05,22486.4,22537.6,22427.6,22513.7,242200
320,^NSEI,2024-04-08,22578.35,22697.3,22550.35,22666.3,227600
321,^NSEI,2024-04-09,22765.1,22768.4,22612.25,22642.75,232400
322,^NSEI,2024-04-10,22720.25,22775.7,22673.7,22753.8,276800
323,^NSEI,2024-04-12,22677.4,22726.45,22503.75,22519.4,357200
324,^NSEI,2024-04-15,22339.05,22427.45,22259.55,22272.5,355500
325,^NSEI,2024-04-16,22125.3,22213.75,22079.45,22147.9,317300
326,^NSEI,2024-04-18,22212.35,22326.5,21961.7,21995.85,456900
327,^NSEI,2024-04-19,21861.5,22179.55,21777.65,22147.0,362500
328,^NSEI,2024-04-22,22336.9,22375.65,22198.15,22336.4,279300
329,^NSEI,2024-04-23,22447.05,22447.55,22349.45,22368.0,231500
330,^NSEI,2024-04-24,22421.55,22476.45,22384.0,22402.4,235900
331,^NSEI,2024-04-25,22316.9,22625.95,22305.25,22570.35,475000
332,^NSEI,2024-04-26,22620.4,22620.4,22385.55,22419.95,329900
333,^NSEI,2024-04-29,22475.55,22655.8,22441.9,22643.4,292000
334,^NSEI,2024-04-30,22679.65,22783.35,22568.4,22604.85,361900
335,^NSEI,2024-05-02,22567.85,22710.5,22567.85,22648.2,445900
336,^NSEI,2024-05-03,22766.35,22794.7,22348.05,22475.85,438100
337,^NSEI,2024-05-06,22561.6,22588.8,22409.45,22442.7,320300
338,^NSEI,2024-05-07,22489.75,22499.05,22232.05,22302.5,297800
339,^NSEI,2024-05-08,22231.2,22368.65,22185.2,22302.5,277400
340,^NSEI,2024-05-09,22224.8,22307.75,21932.4,21957.5,331300
341,^NSEI,2024-05-10,21990.95,22131.3,21950.3,22055.2,265800
342,^NSEI,2024-05-13,22027.95,22131.65,21821.05,22104.05,278200
343,^NSEI,2024-05-14,22112.9,22270.05,22081.25,22217.85,230200
344,^NSEI,2024-05-15,22255.6,22297.55,22151.75,22200.55,231900
345,^NSEI,2024-05-16,22319.2,22432.25,22054.55,22403.85,368900
346,^NSEI,2024-05-17,22415.25,22502.15,22345.65,22466.1,242700
347,^NSEI,2024-05-21,22404.55,22591.1,22404.55,22529.05,347600
348,^NSEI,2024-05-22,22576.6,22629.5,22483.15,22597.8,290300
349,^NSEI,2024-05-23,22614.1,22993.6,22577.45,22967.65,369800
350,^NSEI,2024-05-24,22930.75,23026.4,22908.0,22957.1,261900
351,^NSEI,2024-05-27,23038.95,23110.8,22871.2,22932.45,260000
352,^NSEI,2024-05-28,22977.15,22998.55,22858.5,22888.15,217900
353,^NSEI,2024-05-29,22762.75,22825.5,22685.45,22704.7,269900
354,^NSEI,2024-05-30,22617.45,22705.75,22417.0,22488.65,373400
355,^NSEI,2024-05-31,22568.1,22653.75,22465.1,22530.7,572100
356,^NSEI,2024-06-03,23337.9,23338.7,23062.3,23263.9,569400
357,^NSEI,2024-06-04,23179.5,23179.5,21281.45,21884.5,1006100
358,^NSEI,2024-06-05,22128.35,22670.4,21791.95,22620.35,638500
359,^NSEI,2024-06-06,22798.6,22910.15,22642.6,22821.4,480400
360,^NSEI,2024-06-07,22821.85,23320.2,22789.05,23290.15,473600
361,^NSEI,2024-06-10,23319.15,23411.9,23227.15,23259.2,304400
362,^NSEI,2024-06-11,23283.75,23389.45,23206.65,23264.85,305200
363,^NSEI,2024-06-12,23344.45,23441.95,23295.95,23322.95,295600
364,^NSEI,2024-06-13,23480.95,23481.05,23353.9,23398.9,268300
365,^NSEI,2024-06-14,23464.95,23490.4,23334.25,23465.6,223100
366,^NSEI,2024-06-18,23570.8,23579.05,23499.7,23557.9,272200
367,^NSEI,2024-06-19,23629.85,23664.0,23412.9,23516.0,328800
368,^NSEI,2024-06-20,23586.15,23624.0,23442.6,23567.0,280300
369,^NSEI,2024-06-21,23661.15,23667.1,23398.2,23501.1,609900
370,^NSEI,2024-06-24,23382.3,23558.1,23350.0,23537.85,239400
371,^NSEI,2024-06-25,23577.1,23754.15,23562.05,23721.3,298100
372,^NSEI,2024-06-26,23723.1,23889.9,23670.45,23868.8,287800
373,^NSEI,2024-06-27,23881.55,24087.45,23805.4,24044.5,515200
374,^NSEI,2024-06-28,24085.9,24174.0,23985.8,24010.6,354800
375,^NSEI,2024-07-01,23992.95,24164.0,23992.7,24141.95,0
376,^NSEI,2024-07-02,24228.75,24236.35,24056.4,24123.85,0
377,^NSEI,2024-07-03,24291.75,24309.15,24207.1,24286.5,0
378,^NSEI,2024-07-04,24369.95,24401.0,24281.0,24302.15,251200
379,^NSEI,2024-07-05,24213.35,24363.0,24168.85,24323.85,298400
380,^NSEI,2024-07-08,24329.45,24344.6,24240.55,24320.55,266300
381,^NSEI,2024-07-09,24351.0,24443.6,24331.9,24433.2,250500
382,^NSEI,2024-07-10,24459.85,24461.05,24141.8,24324.45,292300
383,^NSEI,2024-07-11,24396.55,24402.65,24193.75,24315.95,306400
384,^NSEI,2024-07-12,24387.95,24592.2,24331.15,24502.15,325800
385,^NSEI,2024-07-15,24587.6,24635.05,24522.75,24586.7,305400
386,^NSEI,2024-07-16,24615.9,24661.25,24587.65,24613.0,283200
387,^NSEI,2024-07-18,24543.8,24837.75,24504.45,24800.85,350900
388,^NSEI,2024-07-19,24853.8,24854.8,24508.15,24530.9,343800
389,^NSEI,2024-07-22,24445.75,24595.2,24362.3,24509.25,324200
390,^NSEI,2024-07-23,24568.9,24582.55,24074.2,24479.05,436400
391,^NSEI,2024-07-24,24444.95,24504.25,24307.25,24413.5,366600
392,^NSEI,2024-07-25,24230.95,24426.15,24210.8,24406.1,391800
393,^NSEI,2024-07-26,24423.35,24861.15,24410.9,24834.85,383800
394,^NSEI,2024-07-29,24943.3,24999.75,24774.6,24836.1,355000
395,^NSEI,2024-07-30,24839.4,24971.75,24798.65,24857.3,385000
396,^NSEI,2024-07-31,24886.7,24984.6,24856.5,24951.15,333600
397,^NSEI,2024-08-01,25030.95,25078.3,24956.4,25010.9,431300
398,^NSEI,2024-08-02,24789.0,24851.9,24686.85,24717.7,345000
399,^NSEI,2024-08-05,24302.85,24350.05,23893.7,24055.6,487000
400,^NSEI,2024-08-06,24189.85,24382.6,23960.4,23992.55,312300
401,^NSEI,2024-08-07,24289.4,24337.7,24184.9,24297.5,317600
402,^NSEI,2024-08-08,24248.55,24340.5,24079.7,24117.0,311900
403,^NSEI,2024-08-09,24386.85,24419.75,24311.2,24367.5,215100
404,^NSEI,2024-08-12,24320.05,24472.8,24212.1,24347.0,279900
405,^NSEI,2024-08-13,24342.35,24359.95,24116.5,24139.0,239700
406,^NSEI,2024-08-14,24184.4,24196.5,24099.7,24143.75,303300
407,^NSEI,2024-08-16,24334.85,24563.9,24204.5,24541.15,271600
408,^NSEI,2024-08-19,24636.35,24638.8,24522.95,24572.65,243600
409,^NSEI,2024-08-20,24648.9,24734.3,24607.2,24698.85,238300
410,^NSEI,2024-08-21,24680.55,24787.95,24654.5,24770.2,257100
411,^NSEI,2024-08-22,24863.4,24867.35,24784.45,24811.5,220300
412,^NSEI,2024-08-23,24845.4,24858.4,24771.65,24823.15,206800
413,^NSEI,2024-08-26,24906.1,25043.8,24874.7,25010.6,210300
414,^NSEI,2024-08-27,25024.8,25073.1,24973.65,25017.75,223300
415,^NSEI,2024-08-28,25030.8,25129.6,24964.65,25052.35,220400
416,^NSEI,2024-08-29,25035.3,25192.9,24998.5,25151.95,354000
417,^NSEI,2024-08-30,25249.7,25268.35,25199.4,25235.9,638200
418,^NSEI,2024-09-02,25333.6,25333.65,25235.5,25278.7,222800
419,^NSEI,2024-09-03,25313.4,25321.7,25235.8,25279.85,212100
420,^NSEI,2024-09-04,25089.95,25216.0,25083.8,25198.7,253800
421,^NSEI,2024-09-05,25250.5,25275.45,25127.75,25145.1,222200
422,^NSEI,2024-09-06,25093.7,25168.75,24801.3,24852.15,311700
423,^NSEI,2024-09-09,24823.4,24957.5,24753.15,24936.4,254400
424,^NSEI,2024-09-10,24999.4,25130.5,24896.8,25041.1,251300
425,^NSEI,2024-09-11,25034.0,25113.7,24885.15,24918.45,279200
426,^NSEI,2024-09-12,25059.65,25433.35,24941.45,25388.9,380100
427,^NSEI,2024-09-13,25430.45,25430.5,25292.45,25356.5,250800
428,^NSEI,2024-09-16,25406.65,25445.7,25336.2,25383.75,168700
429,^NSEI,2024-09-17,25416.9,25441.65,25352.25,25418.55,216000
430,^NSEI,2024-09-18,25402.4,25482.2,25285.55,25377.55,215700
431,^NSEI,2024-09-19,25487.05,25611.95,25376.05,25415.8,314500
432,^NSEI,2024-09-20,25525.95,25849.25,25426.6,25790.95,533100
433,^NSEI,2024-09-23,25872.55,25956.0,25847.35,25939.05,209200
434,^NSEI,2024-09-24,25921.45,26011.55,25886.85,25940.4,384100
435,^NSEI,2024-09-25,25899.45,26032.8,25871.35,26004.15,278500
436,^NSEI,2024-09-26,26005.4,26250.9,25998.4,26216.05,370900
437,^NSEI,2024-09-27,26248.25,26277.35,26151.4,26178.95,490300
438,^NSEI,2024-09-30,26061.3,26134.7,25794.1,25810.85,343100
439,^NSEI,2024-10-01,25788.45,25907.6,25739.2,25796.9,247400
440,^NSEI,2024-10-03,25452.85,25639.45,25230.3,25250.1,423400
441,^NSEI,2024-10-04,25181.9,25485.05,24966.8,25014.6,374900
442,^NSEI,2024-10-07,25084.1,25143.0,24694.35,24795.75,374300
443,^NSEI,2024-10-08,24832.2,25044.0,24756.8,25013.15,333200
444,^NSEI,2024-10-09,25065.8,25234.05,24947.7,24981.95,290600
445,^NSEI,2024-10-10,25067.05,25134.05,24979.4,24998.45,261400
446,^NSEI,2024-10-11,24985.3,25028.65,24920.05,24964.25,210500
447,^NSEI,2024-10-14,25023.45,25159.75,25017.5,25127.95,206400
448,^NSEI,2024-10-15,25186.3,25212.05,25008.15,25057.35,257200
449,^NSEI,2024-10-16,25008.55,25093.4,24908.45,24971.3,226800
450,^NSEI,2024-10-17,25027.4,25029.5,24728.9,24749.85,252800
451,^NSEI,2024-10-18,24664.95,24886.2,24567.65,24854.05,290900
452,^NSEI,2024-10-21,24956.15,24978.3,24679.6,24781.1,242000
453,^NSEI,2024-10-22,24798.65,24882.0,24445.8,24472.1,279500
454,^NSEI,2024-10-23,24378.15,24604.25,24378.1,24435.5,284600
455,^NSEI,2024-10-24,24412.7,24480.65,24341.2,24399.4,216700
456,^NSEI,2024-10-25,24418.05,24440.25,24073.9,24180.8,372600
457,^NSEI,2024-10-28,24251.1,24492.6,24134.9,24339.15,278600
458,^NSEI,2024-10-29,24328.85,24484.5,24140.85,24466.85,332000
459,^NSEI,2024-10-30,24371.45,24498.2,24307.3,24340.85,285200
460,^NSEI,2024-10-31,24349.85,24372.45,24172.6,24205.35,287000
461,^NSEI,2024-11-01,24302.75,24368.25,24280.2,24304.35,38800
462,^NSEI,2024-11-04,24315.75,24316.75,23816.15,23995.35,285500
463,^NSEI,2024-11-05,23916.5,24229.05,23842.75,24213.3,289500
464,^NSEI,2024-11-06,24308.75,24537.6,24204.05,24484.05,351100
465,^NSEI,2024-11-07,24489.6,24503.35,24179.05,24199.35,322200
466,^NSEI,2024-11-08,24207.7,24276.15,24066.65,24148.2,298700
467,^NSEI,2024-11-11,24087.25,24336.8,24004.6,24141.3,273400
468,^NSEI,2024-11-12,24225.8,24242.0,23839.15,23883.45,255800
469,^NSEI,2024-11-13,23822.45,23873.6,23509.6,23559.05,304600
470,^NSEI,2024-11-14,23542.15,23675.9,23484.15,23532.7,257700
471,^NSEI,2024-11-18,23605.3,23606.8,23350.4,23453.8,263300
472,^NSEI,2024-11-19,23529.55,23780.65,23464.8,23518.5,297500
473,^NSEI,2024-11-21,23488.45,23507.3,23263.15,23349.9,420300
474,^NSEI,2024-11-22,23411.8,23956.1,23359.0,23907.25,367600
475,^NSEI,2024-11-25,24253.55,24351.55,24135.45,24221.9,687200
476,^NSEI,2024-11-26,24343.3,24343.3,24125.4,24194.5,230700
477,^NSEI,2024-11-27,24204.8,24354.55,24145.65,24274.9,295000
478,^NSEI,2024-11-28,24274.15,24345.75,23873.35,23914.15,366700
479,^NSEI,2024-11-29,23927.15,24188.45,23927.15,24131.1,282100
480,^NSEI,2024-12-02,24140.85,24301.7,24008.65,24276.05,220400
481,^NSEI,2024-12-03,24367.5,24481.35,24280.0,24457.15,339500
482,^NSEI,2024-12-04,24488.75,24573.2,24366.3,24467.45,348000
483,^NSEI,2024-12-05,24539.15,24857.75,24295.55,24708.4,361500
484,^NSEI,2024-12-06,24729.45,24751.05,24620.5,24677.8,226700
485,^NSEI,2024-12-09,24633.9,24705.0,24580.05,24619.0,248100
486,^NSEI,2024-12-10,24652.65,24677.8,24510.65,24610.05,261000
487,^NSEI,2024-12-11,24620.5,24691.75,24583.85,24641.8,187300
488,^NSEI,2024-12-12,24604.45,24675.25,24527.95,24548.7,266100
489,^NSEI,2024-12-13,24498.35,24792.3,24180.8,24768.3,310100
490,^NSEI,2024-12-16,24753.4,24781.25,24601.75,24668.25,187600
491,^NSEI,2024-12-17,24584.8,24624.1,24303.45,24336.0,264900
492,^NSEI,2024-12-18,24297.95,24394.45,24149.85,24198.85,235300
493,^NSEI,2024-12-19,23877.15,24004.9,23870.3,23951.7,271100
494,^NSEI,2024-12-20,23960.7,24065.8,23537.35,23587.5,442700
495,^NSEI,2024-12-23,23738.2,23869.55,23647.2,23753.45,189800
496,^NSEI,2024-12-24,23769.1,23867.65,23685.15,23727.65,177700
497,^NSEI,2024-12-26,23775.8,23854.5,23653.6,23750.2,177700
498,^NSEI,2024-12-27,23801.4,23938.85,23800.6,23813.4,176800
499,^NSEI,2024-12-30,23796.9,23915.35,23599.3,23644.9,364900
500,^NSEI,2024-12-31,23560.6,23689.85,23460.45,23644.8,193600
501,^NSEI,2025-01-01,23637.65,23822.8,23562.8,23742.9,154900
502,^NSEI,2025-01-02,23783.0,24226.7,23751.55,24188.65,283200
503,^NSEI,2025-01-03,24196.4,24196.45,23976.0,24004.75,312300
504,^NSEI,2025-01-06,24045.8,24089.95,23551.9,23616.05,278100
505,^NSEI,2025-01-07,23679.9,23795.2,23637.8,23707.9,262300
506,^NSEI,2025-01-08,23746.65,23751.85,23496.15,23688.95,266400
507,^NSEI,2025-01-09,23674.75,23689.5,23503.05,23526.5,269200
508,^NSEI,2025-01-10,23551.9,23596.6,23344.35,23431.5,261000
509,^NSEI,2025-01-13,23195.4,23340.95,23047.25,23085.95,316500
510,^NSEI,2025-01-14,23165.9,23264.95,23134.15,23176.05,311200
511,^NSEI,2025-01-15,23250.45,23293.65,23146.45,23213.2,228000
512,^NSEI,2025-01-16,23377.25,23391.65,23272.05,23311.8,299400
513,^NSEI,2025-01-17,23277.1,23292.1,23100.35,23203.2,272900
514,^NSEI,2025-01-20,23290.4,23391.1,23170.65,23344.75,301500
515,^NSEI,2025-01-21,23421.65,23426.3,22976.85,23024.65,312900
516,^NSEI,2025-01-22,23099.15,23169.55,22981.3,23155.35,276000
517,^NSEI,2025-01-23,23128.3,23270.8,23090.65,23205.35,275600
518,^NSEI,2025-01-24,23183.9,23347.3,23050.0,23092.2,264300
519,^NSEI,2025-01-27,22940.15,23007.45,22786.9,22829.15,257400
520,^NSEI,2025-01-28,22960.45,23137.95,22857.65,22957.25,361900
521,^NSEI,2025-01-29,23026.75,23183.35,22976.5,23163.1,226300
522,^NSEI,2025-01-30,23169.5,23322.05,23139.2,23249.5,361900
523,^NSEI,2025-01-31,23296.75,23546.8,23277.4,23508.4,304900
524,^NSEI,2025-02-03,23319.35,23381.6,23222.0,23361.05,329700
525,^NSEI,2025-02-04,23509.9,23762.75,23423.15,23739.25,376700
526,^NSEI,2025-02-05,23801.75,23807.3,23680.45,23696.3,267000
527,^NSEI,2025-02-06,23761.95,23773.55,23556.25,23603.35,307000
528,^NSEI,2025-02-07,23649.5,23694.5,23443.2,23559.95,368100
529,^NSEI,2025-02-10,23543.8,23568.6,23316.3,23381.6,234200
530,^NSEI,2025-02-11,23383.55,23390.05,22986.65,23071.8,268000
531,^NSEI,2025-02-12,23050.8,23144.7,22798.35,23045.25,279700
532,^NSEI,2025-02-13,23055.75,23235.5,22992.2,23031.4,265700
533,^NSEI,2025-02-14,23096.45,23133.7,22774.85,22929.25,254500
534,^NSEI,2025-02-17,22809.9,22974.2,22725.45,22959.5,207400
535,^NSEI,2025-02-18,22963.65,22992.5,22801.5,22945.3,210600
536,^NSEI,2025-02-19,22847.25,23049.95,22814.85,22932.9,207000
537,^NSEI,2025-02-20,22821.1,22923.85,22812.75,22913.15,240800
538,^NSEI,2025-02-21,22857.2,22921.0,22720.3,22795.9,242800
539,^NSEI,2025-02-24,22609.35,22668.05,22518.8,22553.35,214300
540,^NSEI,2025-02-25,22516.45,22625.3,22513.9,22547.55,250300
541,^NSEI,2025-02-27,22568.95,22613.3,22508.4,22545.05,289200
542,^NSEI,2025-02-28,22433.4,22450.35,22104.85,22124.7,551300
543,^NSEI,2025-03-03,22194.55,22261.55,22004.7,22119.3,282400
544,^NSEI,2025-03-04,21974.45,22105.05,21964.6,22082.65,253300
545,^NSEI,2025-03-05,22073.05,22394.9,22067.8,22337.3,305900
546,^NSEI,2025-03-06,22476.35,22556.45,22245.85,22544.7,372100
547,^NSEI,2025-03-07,22508.65,22633.8,22464.75,22552.5,289800
548,^NSEI,2025-03-10,22521.85,22676.75,22429.05,22460.3,293900
549,^NSEI,2025-03-11,22345.95,22522.1,22314.7,22497.9,347900
550,^NSEI,2025-03-12,22536.35,22577.4,22329.55,22470.5,369700
551,^NSEI,2025-03-13,22541.5,22558.05,22377.35,22397.2,287500
552,^NSEI,2025-03-17,22353.15,22577.0,22353.15,22508.75,251100
553,^NSEI,2025-03-18,22662.25,22857.8,22599.2,22834.3,272600
554,^NSEI,2025-03-19,22874.95,22940.7,22807.95,22907.6,324000
555,^NSEI,2025-03-20,23036.6,23216.7,22973.95,23190.65,313700
556,^NSEI,2025-03-21,23168.25,23402.7,23132.8,23350.4,541000
557,^NSEI,2025-03-24,23515.4,23708.75,23433.5,23658.35,311900
558,^NSEI,2025-03-25,23751.5,23869.6,23601.4,23668.65,338200
559,^NSEI,2025-03-26,23700.95,23736.5,23451.7,23486.85,278600
560,^NSEI,2025-03-27,23433.95,23646.45,23412.2,23591.95,510300
561,^NSEI,2025-03-28,23600.4,23649.2,23450.2,23519.35,295400
562,^NSEI,2025-04-01,23341.1,23565.15,23136.4,23165.7,314300
563,^NSEI,2025-04-02,23192.6,23350.0,23158.45,23332.35,341000
564,^NSEI,2025-04-03,23150.3,23306.5,23145.8,23250.1,283200
565,^NSEI,2025-04-04,23190.4,23214.7,22857.45,22904.45,466800
566,^NSEI,2025-04-07,21758.4,22254.0,21743.65,22161.6,647100
567,^NSEI,2025-04-08,22446.75,22697.2,22270.85,22535.85,468300
568,^NSEI,2025-04-09,22460.3,22468.7,22353.25,22399.15,383800
569,^NSEI,2025-04-11,22695.4,22923.9,22695.4,22828.55,402200
570,^NSEI,2025-04-15,23368.35,23368.35,23207.0,23328.55,388300
571,^NSEI,2025-04-16,23344.1,23452.2,23273.05,23437.2,348400
572,^NSEI,2025-04-17,23401.85,23872.35,23298.55,23851.65,505300
573,^NSEI,2025-04-21,23949.15,24189.55,23903.65,24125.55,406100
574,^NSEI,2025-04-22,24185.4,24242.6,24072.0,24167.25,440900
575,^NSEI,2025-04-23,24357.6,24359.3,24119.95,24328.95,415000
576,^NSEI,2025-04-24,24277.9,24347.85,24216.15,24246.7,358800
577,^NSEI,2025-04-25,24289.0,24365.45,23847.85,24039.35,387700
578,^NSEI,2025-04-28,24070.25,24355.1,24054.05,24328.5,320500
